20MICRONS.NS,20 Microns Ltd
21STCENMGM.NS,Twentyfirst Century Management Srvcs Ltd
360ONE.NS,360 One Wam Ltd
3IINFOLTD.NS,3i Infotech Ltd
3MINDIA.NS,3M India Ltd
3PLAND.NS,3P Land Holdings Ltd
5PAISA.NS,5Paisa Capital Ltd
63MOONS.NS,63 Moons Technologies Ltd
A2ZINFRA.NS,A2z Infra Engineering Ltd
AAATECH.NS,AAA Technologies Ltd
AADHARHFC.NS,Aadhar Housing Finance Ltd
AAKASH.NS,Aakash Exploration Services Ltd
AAREYDRUGS.NS,Aarey Drugs and Pharmaceuticals Ltd
AARON.NS,AARON INDUSTRIES Ltd
AARTECH.NS,Aartech Solonics Ltd
AARTIDRUGS.NS,Aarti Drugs Ltd
AARTIIND.NS,Aarti Industries Ltd
AARTIPHARM.NS,Aarti Pharmalabs Ltd
AARTISURF.NS,Aarti Surfactants Ltd
AARVI.NS,Aarvi Encon Ltd
AAVAS.NS,Aavas Financiers Ltd
ABAN.NS,Aban Offshore Ltd Fully Paid Ord. Shrs
ABB.NS,ABB India Ltd
ABBOTINDIA.NS,Abbott India Ltd
ABCAPITAL.NS,Aditya Birla Capital Ltd
ABCOTS.NS,A B Cotspin India Ltd
ABDL.NS,Allied Blenders and Distillers Ltd
ABFRL.NS,Aditya Birla Fashion and Retail Ltd
ABINFRA.NS,A B Infrabuild Ltd
ABLBL.NS,Aditya Birla Lifestyle Brands Ltd
ABMINTLLTD.NS,Abm International Ltd
ABREL.NS,Aditya Birla Real Estate Ltd
ABSLAMC.NS,Aditya Birla Sun Life Amc Ltd
ACC.NS,ACC Ltd
ACCELYA.NS,Accelya Solutions India Ltd
ACCURACY.NS,Accuracy Shipping Ltd
ACE.NS,Action Construction Equipment Ltd
ACEINTEG.NS,Ace Integrated Solutions Ltd
ACI.NS,Archean Chemical Industries Ltd
ACL.NS,Andhra Cements Ltd
ACMESOLAR.NS,Acme Solar Holdings Ltd
ACUTAAS.NS,Acutaas Chemicals Ltd
ADANI-RE.NS,
ADANIENSOL.NS,Adani Energy Solutions Ltd
ADANIENT.NS,Adani Enterprises Ltd
ADANIGREEN.NS,Adani Green Energy Ltd
ADANIPORTS.NS,Adani Ports and Special Economic Zone Ld
ADANIPOWER.NS,Adani Power Ltd
ADFFOODS.NS,ADF Foods Ltd
ADL.NS,Archidply Decor Ltd
ADOR.NS,Ador Welding Ltd
ADROITINFO.NS,Adroit Infotech Ltd
ADSL.NS,Allied Digital Services Ltd.
ADVANCE.NS,Advance Agrolife Ltd
ADVANIHOTR.NS,Advani Hotels and Resorts (India) Ltd
ADVENTHTL.NS,Advent Hotels International Ord Shs
ADVENZYMES.NS,Advanced Enzyme Technologies Ltd
AEGISLOG.NS,Aegis Logistics Ltd
AEGISVOPAK.NS,Aegis Vopak Terminals Ltd
AEROENTER.NS,Aeroflex Enterprises Ltd
AEROFLEX.NS,Aeroflex Industries Ltd
AERONEU.NS,Aeroflex Neu Ltd
AETHER.NS,Aether Industries Ltd
AFCONS.NS,Afcons Infrastructure Limited
AFFLE.NS,Affle 3i Ltd
AFFORDABLE.NS,Affordable Robotic & Automation Ltd
AFIL.NS,Akme Fintrade India Ltd
AFSL.NS,Abans Financial Services Ltd
AGARIND.NS,Agarwal Industrial Corporation Ltd
AGARWALEYE.NS,Dr. Agarwal's Health Care Ltd
AGI.NS,AGI Greenpac Ltd
AGIIL.NS,AGI Infra Ltd
AGRITECH.NS,Agri-Tech (India) Ltd
AGROPHOS.NS,Agro Phos (India) Ltd
AGSTRA.NS,AGS Transact Technologies Limited
AHCL.NS,Anlon Healthcare Ltd
AHLADA.NS,Ahlada Engineers Ltd
AHLEAST.NS,Asian Hotels (East) Ltd
AHLUCONT.NS,Ahluwalia Contracts (India) Ltd
AIAENG.NS,AIA Engineering Ltd
AIIL.NS,Authum Investment & Infrastructure Ltd
AIRAN.NS,Airan Ltd
AIROLAM.NS,Airo Lam Ltd
AJANTPHARM.NS,Ajanta Pharma Ltd
AJAXENGG.NS,AJAX Engineering Ltd
AJMERA.NS,Ajmera Realty & Infra India Ltd
AJOONI.NS,Ajooni Biotech Ltd
AKASH.NS,Akash Infra-Projects Ltd
AKG.NS,Akg Exim Ltd
AKI.NS,Aki India Ltd
AKSHAR.NS,Akshar Spintex Ltd
AKSHARCHEM.NS,Aksharchem (India) Ltd
AKSHOPTFBR.NS,Aksh Optifibre Limited
AKUMS.NS,Akums Drugs and Pharmaceuticals Ltd
AKZOINDIA.NS,Akzo Nobel India Ltd
ALANKIT.NS,Alankit Ltd
ALBERTDAVD.NS,Albert David Ltd
ALEMBICLTD.NS,Alembic Ltd
ALICON.NS,Alicon Castalloy Ltd
ALIVUS.NS,Alivus Life Sciences Ltd
ALKALI.NS,Alkali Metals Limited
ALKEM.NS,Alkem Laboratories Ltd
ALKYLAMINE.NS,Alkyl Amines Chemicals Ltd
ALLCARGO.NS,Allcargo Logistics Ltd
ALLDIGI.NS,Alldigi Tech Ltd
ALLTIME.NS,All Time Plastics Ltd
ALMONDZ.NS,Almondz Global Securities Ltd
ALOKINDS.NS,Alok Industries Ltd
ALPA.NS,Alpa Laboratories Limited
ALPHAGEO.NS,Alphageo (India) Ltd
ALPSINDUS.NS,Alps Industries Ltd
AMANTA.NS,Amanta Healthcare Ltd
AMBER.NS,Amber Enterprises India Ltd
AMBICAAGAR.NS,Ambica Agarbathies Aroma&Industries Ltd
AMBIKCO.NS,Ambika Cotton Mills Ltd
AMBUJACEM.NS,Ambuja Cements Ltd
AMDIND.NS,AMD Industries Ltd.
AMJLAND.NS,AMJ Land Holdings Ltd
AMNPLST.NS,Amines and Plasticizers Ltd
AMRUTANJAN.NS,Amrutanjan Health Care Ltd
ANANDRATHI.NS,Anand Rathi Wealth Ltd
ANANTRAJ.NS,Anant Raj Ltd
ANDHRAPAP.NS,Andhra Paper Ltd
ANDHRSUGAR.NS,Andhra Sugars Ltd
ANGELONE.NS,Angel One Ltd
ANIKINDS.NS,Anik Industries Ltd
ANKITMETAL.NS,Ankit Metal & Power Ltd
ANMOL.NS,Anmol India Ltd
ANSALAPI.NS,Ansal Properties and Infrastructure Ltd
ANTELOPUS.NS,Antelopus Selan Energy Ltd
ANTGRAPHIC.NS,Antarctica Ltd
ANTHEM.NS,Anthem BioSciences Ltd
ANUHPHR.NS,Anuh Pharma Ltd
ANUP.NS,Anup Engineering Ltd
ANURAS.NS,Anupam Rasayan India Ltd
APARINDS.NS,Apar Industries Ltd
APCL.NS,Anjani Portland Cement Ltd
APCOTEXIND.NS,Apcotex Industries Ltd
APEX.NS,Apex Frozen Foods Ltd
APLAPOLLO.NS,Apl Apollo Tubes Ltd
APLLTD.NS,Alembic Pharmaceuticals Ltd
APOLLO.NS,Apollo Micro Systems Ltd
APOLLOHOSP.NS,Apollo Hospitals Enterprise Ltd
APOLLOPIPE.NS,Apollo Pipes Ltd
APOLLOTYRE.NS,Apollo Tyres Ltd
APOLSINHOT.NS,Apollo Sindoori Hotels Ltd
APTECHT.NS,Aptech Ltd
APTUS.NS,Aptus Value Housing Finance India Ltd
ARCHIDPLY.NS,Archidply Industries Limited.
ARCHIES.NS,Archies Ltd
ARE&M.NS,Amara Raja Energy & Mobility Ltd
ARENTERP.NS,Rajdarshan Industries Ltd
ARFIN.NS,Arfin India Ltd
ARIES.NS,Aries Agro Ltd (CN)
ARIHANTCAP.NS,Arihant Capital Markets Ltd
ARIHANTSUP.NS,Arihant Superstructures Ltd
ARISINFRA.NS,Arisinfra Solutions Ltd
ARKADE.NS,Arkade Developers Ltd
ARMANFIN.NS,Arman Financial Services Ltd
AROGRANITE.NS,Aro Granite Industries Ltd
ARROWGREEN.NS,Arrow Greentech Ltd
ARSHIYA.NS,Arshiya Ltd
ARSSBL.NS,Anand Rathi Share and Stock Brokers Ltd
ARTEMISMED.NS,Artemis Medicare Services Ltd
ARTNIRMAN.NS,Art Nirman Ltd
ARVEE.NS,Arvee Laboratories (India) Ltd
ARVIND.NS,Arvind Ltd
ARVINDFASN.NS,ARVIND FASHIONS LTD
ARVSMART.NS,Arvind Smartspaces Ltd
ASAHIINDIA.NS,Asahi India Glass Ltd
ASAHISONG.NS,Asahi Songwon Colors Ltd
ASAL.NS,Automotive Stampings and Assemblies Ltd
ASALCBR.NS,Associated Alcohols & Breweries Ltd
ASHAPURMIN.NS,Ashapura Minechem Ltd
ASHIANA.NS,Ashiana Housing Ltd
ASHIMASYN.NS,Ashima Ltd
ASHOKA.NS,Ashoka Buildcon Ltd
ASHOKAMET.NS,Ashoka Metcast Ltd
ASHOKLEY.NS,Ashok Leyland Ltd
ASIANENE.NS,Asian Energy Services Ltd
ASIANHOTNR.NS,Asian Hotels (North) Ltd
ASIANPAINT.NS,Asian Paints Ltd
ASIANTILES.NS,Asian Granito India Ltd
ASKAUTOLTD.NS,Ask Automotive Ltd
ASMS.NS,Bartronics India Ltd
ASPINWALL.NS,Aspinwall and Company Ltd
ASTEC.NS,Astec LifeSciences Limited
ASTERDM.NS,Aster DM Healthcare Ltd
ASTRAL.NS,Astral Ltd
ASTRAMICRO.NS,Astra Microwave Products Ltd
ASTRAZEN.NS,Astrazeneca Pharma India Ltd
ASTRON.NS,Astron Paper & Board Mill Ltd
ATALREAL.NS,Atal Realtech Ltd
ATAM.NS,Atam Valves Ltd
ATGL.NS,Adani Total Gas Ltd
ATHERENERG.NS,Ather Energy Ltd
ATL.NS,Allcargo Terminals Ltd
ATL-RE.NS,Allcargo Terminals Rights
ATLANTAA.NS,Atlantaa Ltd
ATLANTAELE.NS,Atlanta Electricals Ltd
ATLASCYCLE.NS,Atlas Cycles (Haryana) Ltd
ATUL.NS,Atul Ltd
ATULAUTO.NS,Atul Auto Ltd
AUBANK.NS,AU Small Finance Bank Ltd
AURIGROW.NS,Auri Grow India Ltd
AURIONPRO.NS,Aurionpro Solutions Ltd
AUROPHARMA.NS,Aurobindo Pharma Ltd
AURUM.NS,Aurum Proptech Ltd
AUSOMENT.NS,Ausom Enterprise Ltd
AUTOAXLES.NS,Automotive Axles Ltd
AUTOIND.NS,Autoline Industries Ltd
AVADHSUGAR.NS,Avadh Sugar & Energy Ltd
AVALON.NS,Avalon Technologies Ltd
AVANTEL.NS,Avantel Ltd
AVANTIFEED.NS,Avanti Feeds Ltd
AVG.NS,AVG Logistics Ltd
AVL.NS,Aditya Vision Ltd
AVONMORE.NS,Avonmore Capital & Management Servcs Ltd
AVROIND.NS,Avro India Ltd
AVTNPL.NS,Avt Natural Products Ltd
AWFIS.NS,Awfis Space Solutions Ltd
AWHCL.NS,Antony Waste Handling Cell Ltd
AWL.NS,AWL Agri Business Ltd
AXISBANK.NS,Axis Bank Ltd
AXISCADES.NS,Axiscades Technologies Ltd
AXITA.NS,Axita Cotton Ltd
AYMSYNTEX.NS,AYM Syntex Ltd
AZAD.NS,Azad Engineering Ltd
BAFNAPH.NS,Bafna Pharmaceuticals Ltd
BAGFILMS.NS,B.A.G. Films and Media Ltd
BAIDFIN.NS,Baid Finserv Ltd
BAIDFIN-RE.NS,
BAJAJ-AUTO.NS,Bajaj Auto Ltd
BAJAJCON.NS,Bajaj Consumer Care Ltd
BAJAJELEC.NS,Bajaj Electricals Ltd
BAJAJFINSV.NS,Bajaj Finserv Ltd
BAJAJHCARE.NS,Bajaj Healthcare Ltd
BAJAJHFL.NS,Bajaj Housing Finance Ltd
BAJAJHIND.NS,Bajaj Hindusthan Sugar Ltd
BAJAJHLDNG.NS,Bajaj Holdings And Investment Ltd
BAJAJINDEF.NS,Indef Manufacturing Ltd
BAJEL.NS,Bajel Projects Ltd
BAJFINANCE.NS,Bajaj Finance Ltd
BALAJEE.NS,Shree Tirupati Balajee Agr Trdg Cmpy Ltd
BALAJITELE.NS,Balaji Telefilms Ltd
BALAMINES.NS,Balaji Amines Ltd
BALAXI.NS,Balaxi Pharmaceuticals Ltd
BALKRISHNA.NS,Balkrishna Paper Mills Ltd
BALKRISIND.NS,Balkrishna Industries Ltd
BALMLAWRIE.NS,Balmer Lawrie and Company Ltd
BALPHARMA.NS,Bal Pharma Ltd
BALRAMCHIN.NS,Balrampur Chini Mills Ltd
BALUFORGE.NS,Balu Forge Industries Ltd
BANARBEADS.NS,Banaras Beads Ltd
BANARISUG.NS,Bannari Amman Sugars Ltd
BANCOINDIA.NS,Banco Products (India) Ltd
BANDHANBNK.NS,Bandhan Bank Ltd
BANG.NS,Bang Overseas Ltd
BANKA.NS,Banka BioLoo Ltd
BANKBARODA.NS,Bank of Baroda Ltd
BANKINDIA.NS,Bank of India Ltd
BANSALWIRE.NS,Bansal Wire Industries Ltd
BANSWRAS.NS,Banswara Syntex Ltd
BASF.NS,BASF India Ltd
BASML.NS,Bannari Amman Spinning Mills Ltd
BATAINDIA.NS,Bata India Ltd
BAYERCROP.NS,Bayer CropScience Ltd
BBL.NS,Bharat Bijlee Ltd
BBOX.NS,Black Box Ltd
BBTC.NS,"Bombay Burmah Trading Corporation, Ltd"
BBTCL.NS,B&B Triplewall Containers Ltd
BCG.NS,Brightcom Group Ltd
BCLIND.NS,BCL Industries Ltd
BCONCEPTS.NS,Brand Concepts Ltd
BDL.NS,Bharat Dynamics Ltd
BEARDSELL.NS,Beardsell Ltd
BECTORFOOD.NS,Mrs. Bectors Food Specialities Ltd
BEDMUTHA.NS,Bedmutha Industries Ltd
BEL.NS,Bharat Electronics Ltd
BELLACASA.NS,Bella Casa Fashion & Retail Ltd
BELRISE.NS,Belrise Industries Ltd
BEML.NS,BEML Ltd
BEPL.NS,Bhansali Engineering Polymers Ltd
BERGEPAINT.NS,Berger Paints India Ltd
BESTAGRO.NS,Best Agrolife Ltd
BETA.NS,Beta Drugs Ltd
BFINVEST.NS,BF Investment Ltd
BFUTILITIE.NS,BF Utilities Ltd
BGRENERGY.NS,BGR Energy Systems Ltd
BHAGCHEM.NS,Bhagiradha Chemicals and Industries Ltd
BHAGERIA.NS,Bhageria Industries Ltd
BHAGYANGR.NS,Bhagyanagar India Ltd
BHANDARI.NS,Bhandari Hosiery Exports Ltd
BHARATFORG.NS,Bharat Forge Ltd
BHARATGEAR.NS,Bharat Gears Ltd
BHARATRAS.NS,Bharat Rasayan Ltd
BHARATSE.NS,Bharat Seats Ltd
BHARATWIRE.NS,Bharat Wire Ropes Ltd
BHARTIARTL.NS,Bharti Airtel Ltd
BHARTIHEXA.NS,Bharti Hexacom Ltd
BHEL.NS,Bharat Heavy Electricals Ltd
BIGBLOC.NS,Bigbloc Construction Ltd
BIKAJI.NS,Bikaji Foods International Ltd
BIL.NS,Bhartiya International Ltd
BILVYAPAR.NS,BIL Vyapar Limited
BIOCON.NS,Biocon Ltd
BIOFILCHEM.NS,Biofil Chemicals and Pharmaceuticals Ltd
BIRLACABLE.NS,Birla Cable Ltd
BIRLACORPN.NS,Birla Corporation Ltd
BIRLAMONEY.NS,Aditya Birla Money Ltd
BIRLANU.NS,Birlanu Ltd
BLACKBUCK.NS,Blackbuck Ltd
BLAL.NS,BEML Land Assets Ltd
BLBLIMITED.NS,BLB Ltd
BLISSGVS.NS,Bliss GVS Pharma Ltd
BLKASHYAP.NS,B L Kashyap and Sons Ltd
BLS.NS,BLS International Services Ltd
BLSE.NS,BLS E-Services Ltd
BLUECOAST.NS,Blue Coast Hotels Ltd
BLUEDART.NS,Blue Dart Express Ltd
BLUEJET.NS,Blue Jet Healthcare Ltd
BLUESTARCO.NS,Blue Star Ltd
BLUESTONE.NS,Bluestone Jewellery and Lifestyle Ltd
BLUSPRING.NS,Bluspring Enterprises Ltd
BMWVENTLTD.NS,BMW Ventures Ltd
BODALCHEM.NS,Bodal Chemicals Ltd
BOHRAIND.NS,Bohra Industries Ltd
BOMDYEING.NS,Bombay Dyeing and Mfg Co Ltd
BORANA.NS,Borana Weaves Ltd
BOROLTD.NS,Borosil Ltd
BORORENEW.NS,Borosil Renewables Ltd
BOROSCI.NS,Borosil Scientific Ltd
BOSCHLTD.NS,Bosch Ltd
BPCL.NS,Bharat Petroleum Corporation Ltd
BPL.NS,BPL Ltd
BRIGADE.NS,Brigade Enterprises Limited
BRIGHOTEL.NS,Brigade Hotel Ventures Ltd
BRITANNIA.NS,Britannia Industries Ltd
BRNL.NS,Bharat Road Network Ltd
BROOKS.NS,Brooks Laboratories Ltd
BSE.NS,BSE Ltd
BSHSL.NS,Bombay Super Hybrid Seeds Ltd
BSL.NS,BSL Ltd
BSOFT.NS,Birlasoft Ltd
BTML.NS,Bodhi Tree Multimedia Ltd
BUTTERFLY.NS,Butterfly Gandhimathi Appliances Ltd
BVCL.NS,Barak Valley Cements Ltd
BYKE.NS,Byke Hospitality Ltd
CALSOFT.NS,California Software Company Ltd
CAMLINFINE.NS,Camlin Fine Sciences Ltd
CAMPUS.NS,Campus Activewear Ltd
CAMS.NS,Computer Age Management Services Ltd
CANBK.NS,Canara Bank Ltd
CANFINHOME.NS,Can Fin Homes Ltd
CANHLIFE.NS,Canara HSBC Life Insurance Company Ltd
CANTABIL.NS,Cantabil Retail India Limited
CAPACITE.NS,Capacite Infraprojects Ltd
CAPILLARY.NS,Capillary Technologies India Ltd
CAPITALSFB.NS,Capital Small Finance Bank Ltd
CAPLIPOINT.NS,Caplin Point Laboratories Ltd
CAPTRUST.NS,Capital Trust Ltd
CARBORUNIV.NS,Carborundum Universal Ltd
CARERATING.NS,CARE Ratings Ltd
CARRARO.NS,Carraro India Ltd
CARTRADE.NS,Cartrade Tech Ltd
CARYSIL.NS,Carysil Ltd
CASTROLIND.NS,Castrol India Ltd
CCCL.NS,Consolidated Construction Consortium Ltd
CCHHL.NS,Country Club Hospitality & Holidays Ltd
CCL.NS,CCL Products (India) Ltd
CDSL.NS,Central Depository Services (India) Ltd
CEATLTD.NS,CEAT Ltd
CEIGALL.NS,Ceigall India Ltd
CELEBRITY.NS,Celebrity Fashions Ltd
CELLO.NS,Cello World Ltd
CEMPRO.NS,Cemindia Projects Ltd
CENTENKA.NS,Century Enka Ltd
CENTEXT.NS,Century Extrusions Ltd
CENTRALBK.NS,Central Bank of India Ltd
CENTRUM.NS,Centrum Capital Ltd
CENTUM.NS,Centum Electronics Ltd
CENTURYPLY.NS,Century Plyboards (India) Ltd
CERA.NS,Cera Sanitaryware Ltd
CEREBRAINT.NS,Cerebra Integrated Technologies Ltd
CESC.NS,CESC Ltd
CEWATER.NS,Concord Enviro Systems Ltd
CGCL.NS,Capri Global Capital Ltd
CGPOWER.NS,CG Power and Industrial Solutions Ltd
CHALET.NS,Chalet Hotels Ltd
CHAMBLFERT.NS,Chambal Fertilisers and Chemicals Ltd
CHEMBOND.NS,Chembond Material Technologies Ltd
CHEMBONDCH.NS,Chembond Chemicals Ltd
CHEMCON.NS,Chemcon Speciality Chemicals Ltd
CHEMFAB.NS,Chemfab Alkalis Ltd
CHEMPLASTS.NS,Chemplast Sanmar Ltd
CHENNPETRO.NS,Chennai Petroleum Corporation Ltd
CHEVIOT.NS,Cheviot Co Ltd
CHOICEIN.NS,Choice International Ltd
CHOLAFIN.NS,Cholamandalam Investment and Fin Co Ltd
CHOLAHLDNG.NS,Cholamandalam Financial Holdings Ltd
CIEINDIA.NS,CIE Automotive India Ltd
CIFL.NS,Capital India Finance Ltd
CIGNITITEC.NS,Cigniti Technologies Ltd
CINELINE.NS,Cineline India Ltd
CINEVISTA.NS,Cinevista Ltd
CIPLA.NS,Cipla Ltd
CLEAN.NS,Clean Science and Technology Ltd
CLEDUCATE.NS,CL Educate Ltd
CLSEL.NS,Chaman Lal Setia Exports Ltd
CMSINFO.NS,Cms Info Systems Ltd
COALINDIA.NS,Coal India Ltd
COASTCORP.NS,Coastal Corporation Ltd
COCHINSHIP.NS,Cochin Shipyard Ltd
COFFEEDAY.NS,Coffee Day Enterprises Ltd
COFORGE.NS,Coforge Ltd
COHANCE.NS,Cohance Lifesciences Ltd
COLPAL.NS,Colgate-Palmolive (India) Ltd
COMPINFO.NS,Compuage Infocom Ltd
COMPUSOFT.NS,Compucom Software Ltd
COMSYN.NS,Commercial Syn Bags Ltd
CONCOR.NS,Container Corporation of India Ltd
CONCORDBIO.NS,Concord Biotech Ltd
CONFIPET.NS,Confidence Petroleum India Ltd
CONSOFINVT.NS,Consolidated Finvest & Holdings Ltd
CONTROLPR.NS,Control Print Ltd
CORALFINAC.NS,Coral India Finance and Housing Ltd
CORDSCABLE.NS,Cords Cable Industries Ltd.
COROMANDEL.NS,Coromandel International Ltd
COSMOFIRST.NS,Cosmo First Ltd
COUNCODOS.NS,Country Condo's Ltd
CPCAP.NS,CP Capital Ltd
CPEDU.NS,Career Point Edutech Ord Shs
CPPLUS.NS,Aditya Infotech Ltd
CRAFTSMAN.NS,Craftsman Automation Ltd
CRAMC.NS,Canara Robeco Asset Management Cmpny Ltd
CREATIVE.NS,Creative Newtech Ltd
CREATIVEYE.NS,Creative Eye Ltd
CREDITACC.NS,CreditAccess Grameen Ltd
CREST.NS,Crest Ventures Ltd
CRISIL.NS,Crisil Ltd
CRIZAC.NS,Crizac Ltd
CROMPTON.NS,Crompton Greaves Consumer Electricls Ltd
CROWN.NS,Crown Lifters Ltd
CSBBANK.NS,CSB Bank Ltd
CSLFINANCE.NS,CSL Finance Ltd
CTE.NS,Cambridge Technology Enterprises Limited
CUB.NS,City Union Bank Ltd
CUBEXTUB.NS,Cubex Tubings Ltd
CUMMINSIND.NS,Cummins India Ltd
CUPID.NS,Cupid Ltd
CURAA.NS,Cura Technologies Ltd
CYBERMEDIA.NS,Cyber Media (India) Ltd
CYBERTECH.NS,Cybertech Systems and Software Ltd
CYIENT.NS,Cyient Ltd
CYIENTDLM.NS,Cyient DLM Ltd
DABUR.NS,Dabur India Ltd
DALBHARAT.NS,Dalmia Bharat Ltd
DALMIASUG.NS,Dalmia Bharat Sugar and Industries Ltd
DAMCAPITAL.NS,DAM Capital Advisors Ltd
DAMODARIND.NS,Damodar Industries Ltd
DANGEE.NS,Dangee Dums Ltd
DATAMATICS.NS,Datamatics Global Services Ltd
DATAPATTNS.NS,Data Patterns (India) Ltd
DAVANGERE.NS,Davangere Sugar Company Ltd
DBCORP.NS,DB Corp Ltd
DBEIL.NS,Deepak Builders & Engineers India Ltd
DBL.NS,Dilip Buildcon Ltd
DBOL.NS,Dhampur Bio Organics Ltd
DBREALTY.NS,Valor Estate Ltd
DBSTOCKBRO.NS,DB (International) Stock Brokers Ltd
DCAL.NS,Dishman Carbogen Amcis Ltd
DCBBANK.NS,DCB Bank Ltd
DCI.NS,Dc Infotech And Communication Ltd
DCM.NS,DCM Ltd
DCMFINSERV.NS,DCM Financial Services Ltd
DCMNVL.NS,DCM Nouvelle Ltd
DCMSHRIRAM.NS,DCM Shriram Ltd
DCMSRIND.NS,DCM Shriram Industries Ltd
DCW.NS,DCW Ltd
DCXINDIA.NS,DCX Systems Ltd
DDEVPLSTIK.NS,Ddev Plastiks Industries Ltd
DECCANCE.NS,Deccan Cements Ltd
DEEDEV.NS,DEE Development Engineers Ltd
DEEPAKFERT.NS,Deepak Frtlsrs and Ptrchmcls Corp Ltd
DEEPAKNTR.NS,Deepak Nitrite Ltd
DEEPINDS.NS,Deep Industries Ltd
DELHIVERY.NS,Delhivery
DELPHIFX.NS,Delphi World Money Ltd
DELTACORP.NS,Delta Corp Ltd
DELTAMAGNT.NS,Delta Manufacturing Ltd
DEN.NS,DEN Networks Ltd
DENORA.NS,De Nora India Ltd
DENTA.NS,Denta Water and Infra Solutions Ltd
DEVIT.NS,Dev Information Technology Ltd
DEVX.NS,Dev Accelerator Ltd
DEVYANI.NS,Devyani International Ltd
DGCONTENT.NS,Digicontent Ltd
DHAMPURSUG.NS,Dhampur Sugar Mills Ltd
DHANBANK.NS,Dhanlaxmi Bank Ltd
DHANUKA.NS,Dhanuka Agritech Ltd
DHARAN.NS,Dharan Infra-EPC Ltd
DHARMAJ.NS,Dharmaj Crop Guard Ltd
DHRUV.NS,Dhruv Consultancy Services Ltd
DHUNINV.NS,Dhunseri Investments Ltd
DIACABS.NS,Diamond Power Infrastructure Ltd
DIAMINESQ.NS,Diamines And Chemicals Ltd
DIAMONDYD.NS,Prataap Snacks Ltd
DICIND.NS,DIC India Ltd
DIFFNKG.NS,Diffusion Engineers Ltd
DIGIDRIVE.NS,Digidrive Distributors Ltd
DIGISPICE.NS,Digispice Technologies Ltd
DIGITIDE.NS,Digitide Solutions Ltd
DIL.NS,Debock Industries Ltd
DISHTV.NS,Dish TV India Ltd
DIVGIITTS.NS,Divgi TorqTransfer Systems Ltd
DIVISLAB.NS,Divi's Laboratories Ltd
DIXON.NS,Dixon Technologies (India) Ltd
DJML.NS,DJ Mediaprint & Logistics Ltd
DLF.NS,DLF Ltd
DLINKINDIA.NS,D Link (India) Limited
DMART.NS,Avenue Supermarts Ltd
DMCC.NS,DMCC Speciality Chemicals Ltd
DNAMEDIA.NS,Diligent Media Corporation Ltd
DODLA.NS,Dodla Dairy Ltd
DOLATALGO.NS,Dolat Algotech Ltd
DOLLAR.NS,Dollar Industries Ltd
DOLPHIN.NS,Dolphin Offshore Enterprises (India) Ltd
DOMS.NS,Doms Industries Ltd
DONEAR.NS,Donear Industries Ltd
DPABHUSHAN.NS,D P Abhushan Ltd
DPSCLTD.NS,India Power Corporation Ltd
DPWIRES.NS,D P Wires Ltd
DRCSYSTEMS.NS,DRC Systems India Ltd
DREAMFOLKS.NS,Dreamfolks Services Ltd
DREDGECORP.NS,Dredging Corporation of India Ltd
DRREDDY.NS,Dr Reddy's Laboratories Ltd
DSSL.NS,Dynacons Systems and Solutions Ltd
DTIL.NS,Dhunseri Tea & Industries Ltd
DUCON.NS,Ducon Infratechnologies Ltd
DVL.NS,Dhunseri Ventures Ltd
DWARKESH.NS,Dwarikesh Sugar Industries Ltd
DYCL.NS,Dynamic Cables Ltd
DYNAMATECH.NS,Dynamatic Technologies Ltd
DYNPRO.NS,Dynemic Products Ltd
E2E.NS,E2E Networks Ltd
EASEMYTRIP.NS,Easy Trip Planners Ltd
EBGNG.NS,GNG Electronics Ltd
ECLERX.NS,eClerx Services Limited
ECOSMOBLTY.NS,ECOS (India) Mobility & Hospitality Ltd
EDELWEISS.NS,Edelweiss Financial Services Ltd
EFCIL.NS,EFC (I) Ltd
EICHERMOT.NS,Eicher Motors Ltd
EIDPARRY.NS,E I D-Parry (India) Ltd
EIEL.NS,Enviro Infra Engineers Ltd
EIFFL.NS,Euro India Fresh Foods Ltd
EIHAHOTELS.NS,EIH Associated Hotels Ltd
EIHOTEL.NS,EIH Ltd
EIMCOELECO.NS,Eimco Elecon (India) Ltd
EKC.NS,Everest Kanto Cylinder Ltd
ELDEHSG.NS,Eldeco Housing And Industries Ltd
ELECON.NS,Elecon Engineering Company Ltd
ELECTCAST.NS,Electrosteel Castings Ltd
ELECTHERM.NS,Electrotherm (India) Ltd
ELGIEQUIP.NS,ELGI Equipments Ltd
ELGIRUBCO.NS,ELGI Rubber Co Ltd
ELIN.NS,Elin Electronics Ltd
ELLEN.NS,Ellenbarrie Industrial Gases Ltd
EMAMILTD.NS,Emami Ltd
EMAMIPAP.NS,Emami Paper Mills Ltd
EMAMIREAL.NS,Emami Realty Ltd
EMBDL.NS,Embassy Developments Ltd
EMCURE.NS,Emcure Pharmaceuticals Ltd
EMIL.NS,Electronics Mart India Ltd
EMKAY.NS,Emkay Global Financial Services Ltd
EMMBI.NS,Emmbi Industries Ltd
EMMVEE.NS,Emmvee Photovoltaic Power Ltd
EMSLIMITED.NS,Ems Ltd
EMUDHRA.NS,eMudhra Ltd
ENDURANCE.NS,Endurance Technologies Ltd
ENERGYDEV.NS,Energy Development Company Ltd
ENGINERSIN.NS,Engineers India Ltd
ENIL.NS,Entertainment Network (India) Ltd
ENRIN.NS,Siemens Energy India Ltd
ENTERO.NS,Entero Healthcare Solutions Ltd
EPACK.NS,Epack Durable Ltd
EPACKPEB.NS,EPack Prefab Technologies Ltd
EPIGRAL.NS,Epigral Ltd
EPL.NS,EPL Ltd
EQUIPPP.NS,Equippp Social Impact Technologies Ltd
EQUITASBNK.NS,Equitas Small Finance Bank Ltd
ERIS.NS,Eris Lifesciences Ltd
ESABINDIA.NS,ESAB India Ltd
ESAFSFB.NS,ESAF Small Finance Bank Limited
ESCORTS.NS,Escorts Kubota Ltd
ESSARSHPNG.NS,Essar Shipping Ltd
ESSENTIA.NS,Integra Essentia Ltd
ESTER.NS,Ester Industries Ltd
ETERNAL.NS,Eternal Ltd
ETHOSLTD.NS,Ethos Ltd
EUREKAFORB.NS,Eureka Forbes Ltd
EUROBOND.NS,Euro Panel Products Ltd
EUROPRATIK.NS,Euro Pratik Sales Ltd
EVEREADY.NS,Eveready Industries India Ltd
EVERESTIND.NS,Everest Industries Ltd
EXCEL.NS,Excel Realty N Infra Ltd
EXCELINDUS.NS,Excel Industries Ltd
EXCELSOFT.NS,Excelsoft Technologies Ltd
EXICOM.NS,Exicom Tele-Systems Ltd
EXIDEIND.NS,Exide Industries Ltd
EXPLEOSOL.NS,Expleo Solutions Ltd
EXXARO.NS,Exxaro Tiles Ltd
FABTECH.NS,Fabtech Technologies Ltd
FACT.NS,Fertilisers And Chemicals Travancore Ltd
FAIRCHEMOR.NS,Fairchem Organics Ltd
FAZE3Q.NS,Faze Three Ltd
FCL.NS,Fineotex Chemical Ltd
FCSSOFT.NS,FCS Software Solutions Ltd
FDC.NS,F D C Ltd
FEDERALBNK.NS,Federal Bank Ltd
FEDFINA.NS,Fedbank Financial Services Ltd
FEL.NS,Future Enterprises Ltd
FELDVR.NS,Future Enterprises Ord Shs
FIBERWEB.NS,Fiberweb (India) Ltd
FIEMIND.NS,Fiem Industries Ltd
FILATEX.NS,Filatex India Ltd
FILATFASH.NS,Filatex Fashions Ltd
FINCABLES.NS,Finolex Cables Ltd
FINEORG.NS,Fine Organic Industries Ltd
FINKURVE.NS,Finkurve Financial Services Ltd
FINOPB.NS,FINO Payments Bank Ltd
FINPIPE.NS,Finolex Industries Ltd
FIRSTCRY.NS,Brainbees Solutions Ltd
FISCHER.NS,Fischer Medical Ventures Ltd
FIVESTAR.NS,Five-Star Business Finance Ltd
FLAIR.NS,Flair Writing Industries Ltd
FLEXITUFF.NS,Flexituff Ventures International Ltd
FLFL.NS,Future Lifestyle Fashions Ltd
FLUOROCHEM.NS,Gujarat Fluorochemicals Ltd
FMGOETZE.NS,Federal-Mogul Goetze (India) Ltd
FMNL.NS,Future Market Networks Ltd
FOCUS.NS,Focus Lighting and Fixtures Ltd
FOODSIN.NS,Foods And Inns Ltd
FORCEMOT.NS,Force Motors Ltd
FORTIS.NS,Fortis Healthcare Ltd
FOSECOIND.NS,Foseco India Ltd
FSL.NS,Firstsource Solutions Ltd
FUSION.NS,Fusion Finance Ltd
GABRIEL.NS,Gabriel India Ltd
GAEL.NS,Gujarat Ambuja Exports Ltd
GAIL.NS,Gail (India) Ltd
GALAPREC.NS,Gala Precision Engineering Ltd
GALAXYSURF.NS,Galaxy Surfactants Ltd
GALLANTT.NS,Gallantt Ispat Ltd
GANDHAR.NS,Gandhar Oil Refinery (INDIA) Ltd
GANDHITUBE.NS,Gandhi Special Tubes Ltd
GANECOS.NS,Ganesha Ecosphere Ltd
GANESHBE.NS,Ganesh Benzoplast Ltd
GANESHCP.NS,Ganesh Consumer Products Ltd
GANESHHOU.NS,Ganesh Housing Ltd
GANGAFORGE.NS,Ganga Forging Ltd
GANGESSECU.NS,Ganges Securities Ltd
GARFIBRES.NS,Garware Technical Fibres Ltd
GARUDA.NS,Garuda Construction and Engineering Ltd
GATECH.NS,GACM Technologies Ltd Fully Paid Ord. Shrs
GATECHDVR.NS,GACM Technologies Ltd Differential Voting Rights Shares
GATEWAY.NS,Gateway Distriparks Ltd
GAYAHWS.NS,Gayatri Highways Ltd
GCSL.NS,Gretex Corporate Services Ltd
GEECEE.NS,GeeCee Ventures Ltd
GEEKAYWIRE.NS,Geekay Wires Ltd
GEMAROMA.NS,Gem Aromatics Ltd
GENCON.NS,Generic Engineerng Constn and Prjcts Ltd
GENESYS.NS,Genesys International Corporation Ltd
GENSOL.NS,Gensol Engineering Ltd
GENUSPAPER.NS,Genus Paper & Boards Ltd
GENUSPOWER.NS,Genus Power Infrastructures Ltd
GEOJITFSL.NS,Geojit Financial Services Ltd
GESHIP.NS,Great Eastern Shipping Company Ltd
GFLLIMITED.NS,GFL Ltd
GHCL.NS,GHCL Ltd
GHCLTEXTIL.NS,GHCL Textiles Ltd
GICHSGFIN.NS,GIC Housing Finance Ltd
GICRE.NS,General Insurance Corporation of India
GILLANDERS.NS,Gillanders Arbuthnot & Co Ltd
GILLETTE.NS,Gillette India Ltd
GINNIFILA.NS,Ginni Filaments Ltd
GIPCL.NS,Gujarat Industries Power Company Ltd
GKENERGY.NS,GK Energy Ltd
GKWLIMITED.NS,GKW Ltd
GLAND.NS,Gland Pharma Ltd
GLAXO.NS,GlaxoSmithKline Pharmaceuticals Ltd
GLENMARK.NS,Glenmark Pharmaceuticals Ltd
GLOBAL.NS,Global Education Ltd
GLOBALE.NS,Globale Tessile Ltd
GLOBALVECT.NS,Global Vectra Helicorp Limited
GLOBE.NS,Globe Enterprises (India) Ltd
GLOBECIVIL.NS,Globe Civil Projects Ltd
GLOBUSSPR.NS,Globus Spirits Ltd
GLOSTERLTD.NS,Gloster Ltd
GLOTTIS.NS,Glottis Ltd
GMBREW.NS,G M Breweries Ltd
GMDCLTD.NS,Gujarat Mineral Development Corpn Ltd
GMMPFAUDLR.NS,Gmm Pfaudler Ltd
GMRAIRPORT.NS,GMR Airports Ltd
GMRP&UI.NS,GMR Power and Urban Infra Ltd
GNA.NS,GNA Axles Ltd
GNFC.NS,Gujarat Narmada Vly Frtlzrs & Chmcl Ltd
GOACARBON.NS,Goa Carbon Ltd
GOCLCORP.NS,Gocl Corporation Ltd
GOCOLORS.NS,Go Fashion (India) Ltd
GODAVARIB.NS,Godavari Biorefineries Ltd
GODFRYPHLP.NS,Godfrey Phillips India Ltd
GODIGIT.NS,Go Digit General Insurance Ltd
GODREJAGRO.NS,Godrej Agrovet Ltd
GODREJCP.NS,Godrej Consumer Products Limited
GODREJIND.NS,Godrej Industries Ltd
GODREJPROP.NS,Godrej Properties Ltd
GOKEX.NS,Gokaldas Exports Ltd
GOKUL.NS,Gokul Refoils and Solvent Ltd
GOKULAGRO.NS,Gokul Agro Resources Ltd
GOLDENTOBC.NS,Golden Tobacco Ltd
GOLDIAM.NS,Goldiam International Ltd
GOLDTECH.NS,Aion-Tech Solutions Ltd
GOODLUCK.NS,Goodluck India Ltd
GOPAL.NS,Gopal Snacks Ltd
GOYALALUM.NS,Goyal Aluminiums Ltd
GPIL.NS,Godawari Power and Ispat Limited
GPPL.NS,Gujarat Pipavav Port Ltd
GPTHEALTH.NS,GPT Healthcare Ltd
GPTINFRA.NS,GPT Infraprojects Ltd
GRANULES.NS,Granules India Ltd
GRAPHITE.NS,Graphite India Ltd
GRASIM.NS,Grasim Industries Ltd
GRAVITA.NS,Gravita India Limited
GREAVESCOT.NS,Greaves Cotton Ltd
GREENLAM.NS,Greenlam Industries Ltd
GREENPANEL.NS,Greenpanel Industries Ltd
GREENPLY.NS,Greenply Industries Ltd
GREENPOWER.NS,Orient Green Power Company Ltd
GRINDWELL.NS,Grindwell Norton Ltd
GRINFRA.NS,G R Infraprojects Ltd
GRMOVER.NS,GRM Overseas Ltd
GROBTEA.NS,Grob Tea Co Ltd
GROWW.NS,Billionbrains Garage Ventures Ltd
GRPLTD.NS,GRP Ltd
GRSE.NS,Garden Reach Shipbuilders & Enginers Ltd
GRWRHITECH.NS,Garware Hi-Tech Films Ltd
GSFC.NS,Gujarat State Fertilizers & Chemicls Ltd
GSLSU.NS,Global Surfaces Ltd
GSPL.NS,Gujarat State Petronet Ltd
GSS.NS,GSS Infotech Ltd
GTECJAINX.NS,G-Tec Jainx Education Ltd
GTL.NS,GTL Ltd
GTLINFRA.NS,GTL Infrastructure Limited
GTPL.NS,GTPL Hathway Ltd
GUFICBIO.NS,Gufic BioSciences Ltd
GUJALKALI.NS,Gujarat Alkalies And Chemicals Ltd
GUJAPOLLO.NS,Gujarat Apollo Industries Ltd
GUJGASLTD.NS,Gujarat Gas Ltd
GUJRAFFIA.NS,Gujarat Raffia Industries Ltd(NDA)
GUJTHEM.NS,Gujarat Themis Biosyn Ltd
GULFOILLUB.NS,Gulf Oil Lubricants India Ltd
GULFPETRO.NS,GP Petroleums Ltd
GULPOLY.NS,Gulshan Polyols Ltd
GVKPIL.NS,GVK Power & Infrastructure Ltd
GVPIL.NS,Ge Power India Ltd
GVPTECH.NS,Gvp Infotech Ltd
GVT&D.NS,GE Vernova T&D India Ltd
HAL.NS,Hindustan Aeronautics Ltd
HALEOSLABS.NS,Haleos Labs Ltd
HAPPSTMNDS.NS,Happiest Minds Technologies Ltd
HAPPYFORGE.NS,Happy Forgings Ltd
HARDWYN.NS,Hardwyn India Ltd
HARIOMPIPE.NS,Hariom Pipe Industries Ltd
HARRMALAYA.NS,Harrisons Malayalam Ltd
HARSHA.NS,Harsha Engineers International Ltd
HATHWAY.NS,Hathway Cable and Datacom Limited
HATSUN.NS,Hatsun Agro Product Ltd
HAVELLS.NS,Havells India Ltd
HAVISHA.NS,Sri Havisha Hospitlty and Infrstrctr Ltd
HBLENGINE.NS,HBL Engineering Ltd
HBSL.NS,HB Stockholdings Ltd
HCC.NS,Hindustan Construction Company Ltd
HCG.NS,Healthcare Global Enterprises Ltd
HCL-INSYS.NS,HCL Infosystems Ltd
HCLTECH.NS,HCL Technologies Ltd
HDBFS.NS,HDB Financial Services Ltd
HDFCAMC.NS,HDFC Asset Management Company Ltd
HDFCBANK.NS,HDFC Bank Ltd
HDFCLIFE.NS,HDFC Life Insurance Company Ltd
HDIL.NS,Housing Development & Infrastructure
HEADSUP.NS,Heads UP Ventures Ltd
HECPROJECT.NS,HEC Infra Projects Ltd
HEG.NS,HEG Ltd
HEIDELBERG.NS,Heidelbergcement India Ltd
HEMIPROP.NS,Hemisphere Properties India Ltd
HERANBA.NS,Heranba Industries Ltd
HERCULES.NS,Hercules Investments Ltd
HERITGFOOD.NS,Heritage Foods Ltd
HEROMOTOCO.NS,Hero Motocorp Ltd
HESTERBIO.NS,Hester Biosciences Ltd
HEUBACHIND.NS,Heubach Colorants India Ltd
HEXATRADEX.NS,Hexa Tradex Ltd
HEXT.NS,Hexaware Technologies Ltd
HFCL.NS,HFCL Ltd
HGINFRA.NS,HG Infra Engineering Ltd
HGM.NS,HandsOn Global Management (HGM) Ltd
HGS.NS,Hinduja Global Solutions Ltd
HIKAL.NS,Hikal Ltd
HILINFRA.NS,Highway Infrastructure Ltd
HILTON.NS,Hilton Metal Forging Ltd
HIMATSEIDE.NS,Himatsingka Seide Ltd
HINDALCO.NS,Hindalco Industries Ltd
HINDCOMPOS.NS,Hindustan Composites Ltd
HINDCON.NS,Hindcon Chemicals Ltd
HINDCOPPER.NS,Hindustan Copper Ltd
HINDOILEXP.NS,Hindustan Oil Exploration Company Ltd
HINDPETRO.NS,Hindustan Petroleum Corp Ltd
HINDUNILVR.NS,Hindustan Unilever Ltd
HINDWAREAP.NS,Hindware Home Innovation Ltd
HINDZINC.NS,Hindustan Zinc Ltd
HIRECT.NS,Hind Rectifiers Ltd
HISARMETAL.NS,Hisar Metal Industries Ltd(NDA)
HITECH.NS,Hi-Tech Pipes Ltd
HITECHCORP.NS,Hitech Corporation Ltd
HITECHGEAR.NS,Hi-Tech Gears Ltd
HLEGLAS.NS,HLE Glascoat Ltd
HLVLTD.NS,HLV Ltd
HMAAGRO.NS,HMA Agro Industries Ltd
HMT.NS,HMT Ltd
HMVL.NS,Hindustan Media Ventures Ltd
HNDFDS.NS,Hindustan Foods Ltd(NDA)
HOMEFIRST.NS,Home First Finance Company India Ltd
HONASA.NS,Honasa Consumer Ltd
HONAUT.NS,Honeywell Automation India Ltd
HONDAPOWER.NS,Honda India Power Products Ltd
HPAL.NS,HP Adhesives Ltd
HPIL.NS,Hindprakash Industries Ltd
HPL.NS,HPL Electric & Power Ltd
HSCL.NS,Himadri Speciality Chemical Ltd
HTMEDIA.NS,HT Media Ltd
HUBTOWN.NS,Hubtown Ltd
HUDCO.NS,Housing And Urban Development Corp Ltd
HUHTAMAKI.NS,Huhtamaki India Ltd
HYBRIDFIN.NS,Hybrid Financial Services Ltd
HYUNDAI.NS,Hyundai Motor India Ltd
ICDSLTD.NS,ICDS Ltd
ICEMAKE.NS,Ice Make Refrigeration Ltd
ICICIBANK.NS,ICICI Bank Ltd
ICICIGI.NS,ICICI Lombard General Insurance Co Ltd
ICICIPRULI.NS,Icici Prudential Life Insurance Comp Ltd
ICIL.NS,Indo Count Industries Ltd
ICRA.NS,ICRA Ltd
IDBI.NS,IDBI Bank Ltd
IDEA.NS,Vodafone Idea Ltd
IDEAFORGE.NS,ideaForge Technology Ltd
IDFCFIRSTB.NS,IDFC First Bank Ltd
IEX.NS,Indian Energy Exchange Ltd
IFBAGRO.NS,Ifb Agro Industries Ltd
IFBIND.NS,IFB Industries Ltd
IFCI.NS,IFCI Ltd
IFGLEXPOR.NS,IFGL Refractories Ltd
IGARASHI.NS,Igarashi Motors India Ltd
IGCL.NS,Indogulf Cropsciences Ltd
IGIL.NS,International Gemmological Ins India Ltd
IGL.NS,Indraprastha Gas Limited
IGPL.NS,I G Petrochemicals Ltd
IIFL.NS,IIFL Finance Ltd
IIFLCAPS.NS,IIFL Capital Services Ltd
IITL.NS,Industrial Investment Trust Ltd
IKIO.NS,IKIO Technologies Ltd
IKS.NS,Inventurus Knowledge Solutions Ltd
IL&FSENGG.NS,IL&FS Engineering and Constructin Co Ltd
IL&FSTRANS.NS,IL&FS Transportation Networks Ltd
IMAGICAA.NS,Imagicaaworld Entertainment Ltd
IMFA.NS,Indian Metals and Ferro Alloys Ltd
IMPAL.NS,India Motor Parts & Accessories Ltd
IMPEXFERRO.NS,Impex Ferro Tech Ltd
INCREDIBLE.NS,Incredible Industries Ltd
INDBANK.NS,Indbank Merchant Banking Services Ltd
INDGN.NS,Indegene Ltd
INDHOTEL.NS,Indian Hotels Company Ltd
INDIACEM.NS,India Cements Ltd
INDIAGLYCO.NS,India Glycols Ltd
INDIAMART.NS,IndiaMART InterMESH Ltd
INDIANB.NS,Indian Bank
INDIANCARD.NS,Indian Card Clothing Company Ltd
INDIANHUME.NS,Indian Hume Pipe Company Ltd
INDIASHLTR.NS,India Shelter Finance Corporation Ltd
INDIGO.NS,Interglobe Aviation Ltd
INDIGOPNTS.NS,Indigo Paints Ltd
INDIQUBE.NS,Indiqube Spaces Ltd
INDNIPPON.NS,India Nippon Electricals Ltd
INDO-RE2.NS,
INDOAMIN.NS,Indo Amines Ltd
INDOBORAX.NS,Indo Borax and Chemicals Ltd
INDOCO.NS,Indoco Remedies Ltd
INDOFARM.NS,Indo Farm Equipment Ltd
INDORAMA.NS,Indo Rama Synthetics (India) Ltd
INDOSTAR.NS,IndoStar Capital Finance Ltd
INDOTECH.NS,Indo Tech Transformers Limited
INDOTHAI.NS,Indo Thai Securities Ltd
INDOUS.NS,Indo US Bio-Tech Ltd
INDOWIND.NS,Indowind Energy Limited
INDRAMEDCO.NS,Indraprastha Medical Corporation Ltd
INDSWFTLAB.NS,IND Swift Laboratories Ltd
INDTERRAIN.NS,Indian Terrain Fashions Ltd
INDUSINDBK.NS,Indusind Bank Ltd
INDUSTOWER.NS,Indus Towers Ltd
INFIBEAM.NS,Infibeam Avenues Ltd
INFOBEAN.NS,InfoBeans Technologies Ltd
INFOMEDIA.NS,Infomedia Press Ltd
INFY.NS,Infosys Ltd
INGERRAND.NS,Ingersoll-Rand (India) Ltd
INNOVACAP.NS,Innova Captab Ltd
INNOVANA.NS,Innovana Thinklabs Ltd
INOXGREEN.NS,Inox Green Energy Services Ltd
INOXINDIA.NS,INOX India Ltd
INOXWIND.NS,Inox Wind Ltd
INSECTICID.NS,Insecticides (India) Ltd
INSPIRISYS.NS,Inspirisys Solutions Ltd
INTELLECT.NS,Intellect Design Arena Ltd
INTENTECH.NS,Intense Technologies Ltd
INTERARCH.NS,Interarch Building Solutions Ltd
INTLCONV.NS,International Conveyors Ltd
INVENTURE.NS,Inventure Growth & Securities Ltd
IOB.NS,Indian Overseas Bank
IOC.NS,Indian Oil Corporation Ltd
IOLCP.NS,IOL Chemicals and Pharmaceuticals Ltd
IONEXCHANG.NS,Ion Exchange (India) Ltd
IPCALAB.NS,IPCA Laboratories Ltd
IPL.NS,India Pesticides Ltd
IRB.NS,Irb Infrastructure Developers Ltd
IRCON.NS,Ircon International Ltd
IRCTC.NS,Indian Railway Ctrng nd Trsm Corp Ltd
IREDA.NS,Indian Renewable Energy Dev Agency Ltd
IRFC.NS,Indian Railway Finance Corp Ltd
IRIS.NS,Iris Business Services Ltd
IRISDOREME.NS,Iris Clothings Ltd
IRMENERGY.NS,Irm Energy Ltd
ISFT.NS,Intrasoft Technologies Ltd
ISGEC.NS,Isgec Heavy Engineering Ltd
ISHANCH.NS,Ishan Dyes And Chemicals Ltd
ITC.NS,ITC Ltd
ITCHOTELS.NS,ITC Hotels Ltd
ITDC.NS,India Tourism Development Corp Ltd
ITI.NS,ITI Ltd
IVALUE.NS,Ivalue Infosolutions Ltd
IVC.NS,IL&FS Investment Managers Ltd
IVP.NS,IVP Ltd
IXIGO.NS,Le Travenues Technology Ltd
IZMO.NS,Izmo Ltd
J&KBANK.NS,Jammu and Kashmir Bank Ltd
JAGRAN.NS,Jagran Prakashan Ltd
JAGSNPHARM.NS,Jagsonpal Pharmaceuticals Ltd
JAIBALAJI.NS,Jai Balaji Industries Ltd.
JAICORPLTD.NS,Jai Corp Ltd
JAINREC.NS,Jain Resource Recycling Ltd
JAIPURKURT.NS,Nandani Creation Ltd
JAMNAAUTO.NS,Jamna Auto Industries Ltd
JARO.NS,Jaro Institute of Tech Mgt and Rsrch Ltd
JASH.NS,Jash Engineering Ltd
JAYAGROGN.NS,Jayant Agro-Organics Ltd
JAYBARMARU.NS,Jay Bharat Maruti Ltd
JAYNECOIND.NS,Jayaswal Neco Industries Ltd
JAYSREETEA.NS,Jay Shree Tea and Industries Ltd
JBCHEPHARM.NS,J B Chemicals and Pharmaceuticals Ltd
JBMA.NS,Jbm Auto Ltd
JCHAC.NS,Bosch Home Comfort India Ltd
JETFREIGHT.NS,Jet Freight Logistics Ltd
JGCHEM.NS,JG Chemicals Ltd
JHS.NS,JHS Svendgaard Laboratories Limited
JINDALPHOT.NS,Jindal Photo Limited
JINDALPOLY.NS,Jindal Poly Films Ltd
JINDALSAW.NS,Jindal SAW Ltd
JINDALSTEL.NS,Jindal Steel Ltd
JINDRILL.NS,Jindal Drilling and Industries Ltd
JINDWORLD.NS,Jindal Worldwide Ltd
JIOFIN.NS,Jio Financial Services Ltd
JISLDVREQS.NS,Jain Irrigation Systems Ord Shs DVR
JISLJALEQS.NS,Jain Irrigation Systems Ltd
JITFINFRA.NS,JITF Infralogistics Ltd
JKCEMENT.NS,J K Cement Ltd
JKIL.NS,J Kumar Infraprojects Ltd
JKIPL.NS,Jinkushal Industries Ltd
JKLAKSHMI.NS,JK Lakshmi Cement Ltd
JKPAPER.NS,JK Paper Ltd
JKTYRE.NS,JK Tyre & Industries Ltd
JLHL.NS,Jupiter Life Line Hospitals Ltd
JMA.NS,Jullundur Motor Agency (Delhi) Ltd
JMFINANCIL.NS,JM Financial Ltd
JNKINDIA.NS,JNK India Ltd
JOCIL.NS,Jocil Ltd
JPOLYINVST.NS,Jindal Poly Investment & Finance Co Ltd
JPPOWER.NS,Jaiprakash Power Ventures Ltd
JSFB.NS,Jana Small Finance Bank Ltd
JSL.NS,Jindal Stainless Ltd
JSLL.NS,Jeena Sikho Lifecare Ltd
JSWCEMENT.NS,JSW Cement Ltd
JSWENERGY.NS,JSW Energy Ltd
JSWHL.NS,JSW Holdings Ltd
JSWINFRA.NS,JSW Infrastructure Ltd
JSWSTEEL.NS,JSW Steel Ltd
JTEKTINDIA.NS,JTEKT India Ltd
JTLIND.NS,JTL Industries Ltd
JUBLCPL.NS,Jubilant Agri and Consumer Products Ltd
JUBLFOOD.NS,Jubilant FoodWorks Ltd
JUBLINGREA.NS,Jubilant Ingrevia Ltd
JUBLPHARMA.NS,Jubilant Pharmova Ltd
JUNIPER.NS,Juniper Hotels Ltd
JUSTDIAL.NS,Just Dial Ltd
JWL.NS,Jupiter Wagons Ltd
JYOTHYLAB.NS,Jyothy Labs Ltd
JYOTICNC.NS,Jyoti CNC Automation Ltd
JYOTISTRUC.NS,Jyoti Structures Ltd
KABRAEXTRU.NS,Kabra Extrusion Technik Ltd
KAJARIACER.NS,Kajaria Ceramics Ltd
KAKATCEM.NS,Kakatiya Cement Sugar And Industries Ltd
KALAMANDIR.NS,Sai Silks (Kalamandir) Limited
KALPATARU.NS,Kalpataru Limited
KALYANI.NS,Kalyani Commercials Ltd
KALYANIFRG.NS,Kalyani Forge Ltd
KALYANKJIL.NS,Kalyan Jewellers India Ltd
KAMATHOTEL.NS,Kamat Hotels (India) Ltd
KAMDHENU.NS,Kamdhenu Ltd
KAMOPAINTS.NS,Kamdhenu Ventures Ltd
KANANIIND.NS,Kanani Industries Ltd
KANORICHEM.NS,Kanoria Chemicals and Industries Ltd
KANPRPLA.NS,Kanpur Plastipack Limited
KANSAINER.NS,Kansai Nerolac Paints Ltd
KAPSTON.NS,Kapston Services Ltd
KARMAENG.NS,Karma Energy Ltd
KARURVYSYA.NS,Karur Vysya Bank Ltd
KAUSHALYA.NS,Kaushalya Infrastructure Dev Corp Ltd
KAVDEFENCE.NS,Kavveri Defence & Wireless Tchnlgs Ltd
KAYA.NS,Kaya Ltd
KAYNES.NS,Kaynes Technology India Ltd
KCP.NS,KCP Ltd
KCPSUGIND.NS,KCP Sugar and Industries Corp Ltd
KDDL.NS,KDDL Ltd
KEC.NS,KEC International Ltd
KECL.NS,Kirloskar Electric Company Ltd
KEEPLEARN.NS,DSJ Keep Learning Ltd
KEI.NS,KEI Industries Ltd
KELLTONTEC.NS,Kellton Tech Solutions Ltd
KERNEX.NS,Kernex Microsystems (India) Limited
KESORAMIND.NS,Kesoram Industries Ltd
KEYFINSERV.NS,Keynote Financial Services Ltd
KFINTECH.NS,Kfin Technologies Ltd
KHADIM.NS,Khadim India Limited
KHAICHEM.NS,Khaitan Chemicals And Fertilizers Ltd
KHAITANLTD.NS,Khaitan (India) Ltd
KHANDSE.NS,Khandwala Securities Ltd
KICL.NS,Kalyani Investment Company Ltd
KILITCH.NS,Kilitch Drugs (India) Ltd
KIMS.NS,Krishna Institute Of Medical Sciencs Ltd
KINGFA.NS,Kingfa Science and Technolgy (India) Ltd
KIOCL.NS,KIOCL Ltd
KIRIINDUS.NS,Kiri Industries Ltd
KIRLOSBROS.NS,Kirloskar Brothers Ltd
KIRLOSENG.NS,Kirloskar Oil Engines Ltd
KIRLOSIND.NS,Kirloskar Industries Ltd
KIRLPNU.NS,Kirloskar Pneumatic Company Ltd
KITEX.NS,Kitex Garments Ltd
KKCL.NS,Kewal Kiran Clothing Limited
KMEW.NS,Knowledge Marine & Engineering Works Ltd
KMSUGAR.NS,K M Sugar Mills Ltd
KNRCON.NS,KNR Constructions Ltd
KOHINOOR.NS,Kohinoor Foods Ltd
KOKUYOCMLN.NS,Kokuyo Camlin Ltd
KOLTEPATIL.NS,Kolte-Patil Developers Ltd
KOPRAN.NS,Kopran Ltd
KOTAKBANK.NS,Kotak Mahindra Bank Ltd Fully Paid Ord. Shrs
KOTARISUG.NS,Kothari Sugars and Chemicals Ltd
KOTHARIPET.NS,Kothari Petrochemicals Ltd
KOTHARIPRO.NS,Kothari Products Ltd
KPEL.NS,K.P. Energy Ltd
KPIGREEN.NS,KPI Green Energy Ltd
KPIL.NS,Kalpataru Projects International Ltd
KPITTECH.NS,KPIT Technologies Ltd
KPRMILL.NS,KPR Mill Ltd
KRBL.NS,KRBL Ltd
KREBSBIO.NS,Krebs Biochemicals And Industries Ltd
KRIDHANINF.NS,Kridhan Infra Ltd
KRISHANA.NS,Krishana Phoschem Ltd
KRISHIVAL.NS,Krishival Foods Ltd
KRITI.NS,Kriti Industries (India) Limited
KRITIKA.NS,Kritika Wires Ltd
KRITINUT.NS,Kriti Nutrients Limited
KRN.NS,KRN Heat Exchanger and Refrigeration Ltd
KRONOX.NS,Kronox Lab Sciences Ltd
KROSS.NS,Kross Ltd
KRSNAA.NS,Krsnaa Diagnostics Ltd
KRYSTAL.NS,Krystal Integrated Services Ltd
KSB.NS,KSB Ltd
KSCL.NS,Kaveri Seed Company Ltd
KSHITIJPOL.NS,Kshitij Polyline Ltd
KSL.NS,Kalyani Steels Ltd
KSOLVES.NS,Ksolves India Ltd
KSR.NS,KSR Footwear Ltd
KTKBANK.NS,Karnataka Bank Ltd
KUANTUM.NS,Kuantum Papers Ltd
LAGNAM.NS,Lagnam Spintex Ltd
LAKPRE.NS,Lakshmi Precision Screws Ltd
LAL.NS,Lorenzini Apparels Ltd
LALPATHLAB.NS,Dr. Lal PathLabs Ltd
LAMBODHARA.NS,Lambodhara Textiles Ltd
LANCORHOL.NS,Lancor Holdings Ltd
LANDMARK.NS,Landmark Cars Ltd
LAOPALA.NS,La Opala R G Ltd
LASA.NS,Lasa Supergenerics Ltd
LATENTVIEW.NS,Latent View Analytics Ltd
LATTEYS.NS,Latteys Industries Ltd
LAURUSLABS.NS,Laurus Labs Ltd
LAXMICOT.NS,Laxmi Cotspin Ltd
LAXMIDENTL.NS,Laxmi Dental Ltd
LAXMIINDIA.NS,Laxmi India Finance Ltd
LCCINFOTEC.NS,LCC Infotech Ltd
LEMONTREE.NS,Lemon Tree Hotels Ltd
LENSKART.NS,Lenskart Solutions Ltd
LEXUS.NS,Lexus Granito (India) Ltd
LFIC.NS,Lakshmi Finance and Industrial Corp Ltd
LGBBROSLTD.NS,LG Balakrishnan & Bros Ltd
LGEINDIA.NS,LG Electronics India Ltd
LGHL.NS,Laxmi Goldorna House Ltd
LIBAS.NS,Libas Consumer Products Ltd
LIBERTSHOE.NS,Liberty Shoes Ltd
LICHSGFIN.NS,LIC Housing Finance Ltd
LICI.NS,Life Insurance Corporation of India
LIKHITHA.NS,Likhitha Infrastructure Ltd
LINC.NS,Linc Ltd
LINCOLN.NS,Lincoln Pharmaceuticals Ltd
LINDEINDIA.NS,Linde India Ltd
LLOYDSENGG.NS,Lloyds Engineering Works Ltd
LLOYDSENT.NS,Lloyds Enterprises Ltd
LLOYDSME.NS,Lloyds Metals And Energy Ltd
LMW.NS,LMW Ltd
LODHA.NS,Lodha Developers Ltd
LOKESHMACH.NS,Lokesh Machines Ltd
LORDSCHLO.NS,Lords Chloro Alkali Ltd
LOTUSDEV.NS,Sri Lotus Developers and Realty Ltd
LOTUSEYE.NS,Lotus Eye Hospital and Institute Ltd
LOVABLE.NS,Lovable Lingerie Ltd
LOYALTEX.NS,Loyal Textile Mills Ltd
LPDC.NS,Landmark Property Development Co Ltd
LT.NS,Larsen and Toubro Ltd
LTF.NS,L&T Finance Ltd
LTFOODS.NS,LT Foods Ltd
LTIM.NS,LTIMindtree Ltd
LTTS.NS,L&T Technology Services Ltd
LUMAXIND.NS,Lumax Industries Ltd
LUMAXTECH.NS,Lumax AutoTechnologies Ltd
LUPIN.NS,Lupin Ltd
LUXIND.NS,Lux Industries Ltd
LXCHEM.NS,Laxmi Organic Industries Ltd
LYKALABS.NS,Lyka Labs Ltd
LYPSAGEMS.NS,Lypsa Gems & Jewellery Ltd
M&M.NS,Mahindra And Mahindra Ltd
M&MFIN.NS,Mahindra and Mahindra Financial Svcs Ltd
MAANALU.NS,Maan Aluminium Ltd
MACPOWER.NS,Macpower CNC Machines Ltd
MADHAV.NS,Madhav Marbles and Granites Ltd
MADHUCON.NS,Madhucon Projects Ltd
MADRASFERT.NS,Madras Fertilizers Ltd
MAGADSUGAR.NS,Magadh Sugar & Energy Ltd
MAGNUM.NS,Magnum Ventures Ltd
MAHABANK.NS,Bank of Maharashtra Ltd
MAHAPEXLTD.NS,Maha Rashtra Apex Corporation Ltd
MAHASTEEL.NS,Mahamaya Steel Industries Ltd
MAHEPC.NS,Mahindra EPC Irrigation Ltd
MAHESHWARI.NS,Maheshwari Logistics Ltd
MAHLIFE.NS,Mahindra Lifespace Developers Ltd
MAHLOG.NS,Mahindra Logistics Ltd
MAHSCOOTER.NS,Maharashtra Scooters Ltd
MAHSEAMLES.NS,Maharashtra Seamless Ltd
MAITHANALL.NS,Maithan Alloys Ltd
MALLCOM.NS,Mallcom (India) Ltd
MALUPAPER.NS,Malu Paper Mills Ltd
MAMATA.NS,Mamata Machinery Ltd
MANAKALUCO.NS,Manaksia Aluminium Co Ltd
MANAKCOAT.NS,Manaksia Coated Metals & Industries Ltd
MANAKSIA.NS,Manaksia Ltd
MANAKSTEEL.NS,Manaksia Steels Ltd
MANALIPETC.NS,Manali Petrochemicals Ltd
MANAPPURAM.NS,Manappuram Finance Ltd
MANBA.NS,Manba Finance Ltd
MANCREDIT.NS,Mangal Credit and Fincorp Ltd
MANGALAM.NS,Mangalam Drugs and Organics Ltd
MANGLMCEM.NS,Mangalam Cement Ltd
MANINDS.NS,Man Industries (India) Ltd
MANINFRA.NS,Man Infraconstruction Ltd
MANKIND.NS,Mankind Pharma Ltd
MANOMAY.NS,Manomay Tex India Ltd
MANORAMA.NS,Manorama Industries Ltd
MANORG.NS,Mangalam Organics Ltd
MANUGRAPH.NS,Manugraph India Ltd
MANYAVAR.NS,Vedant Fashions Ltd
MAPMYINDIA.NS,CE Info Systems Ltd
MARALOVER.NS,Maral Overseas Ltd
MARATHON.NS,Marathon Nextgen Realty Ltd
MARICO.NS,Marico Ltd
MARINE.NS,Marine Electricals (India) Ltd
MARKOLINES.NS,Markolines Pavement Technologies Ltd
MARKSANS.NS,Marksans Pharma Ltd
MARUTI.NS,Maruti Suzuki India Ltd
MASFIN.NS,MAS Financial Services Ltd
MASKINVEST.NS,Mask Investments Ltd
MASTEK.NS,Mastek Ltd
MASTERTR.NS,Master Trust Ltd
MATRIMONY.NS,MATRIMONY.COM Ltd
MAWANASUG.NS,Mawana Sugars Ltd
MAXESTATES.NS,Max Estates Ltd
MAXHEALTH.NS,Max Healthcare Institute Ltd
MAXIND.NS,Max India Ltd
MAYURUNIQ.NS,Mayur Uniquoters Ltd
MAZDA.NS,Mazda Ltd
MAZDOCK.NS,Mazagon Dock Shipbuilders Ltd
MBAPL.NS,Madhya Bharat Agro products Ltd
MBEL.NS,M & B Engineering Ltd
MBLINFRA.NS,MBL Infrastructure Ltd
MCL.NS,Madhav Copper Ltd
MCLEODRUSS.NS,McLeod Russel India Ltd
MCLOUD.NS,Magellanic Cloud Ltd
MCX.NS,Multi Commodity Exchange Of India Ltd
MEDANTA.NS,Global Health Ltd
MEDIASSIST.NS,Medi Assist Healthcare Services Ltd
MEDICAMEQ.NS,Medicamen Biotech Ltd
MEDICO.NS,Medico Remedies Ltd
MEDPLUS.NS,MedPlus Health Services Ltd
MEGASOFT.NS,Megasoft Ltd
MEGASTAR.NS,Megastar Foods Ltd
MEIL.NS,Mangal Electrical Industries Ltd
MENONBE.NS,Menon Bearings Ltd
MEP.NS,MEP Infrastructure Developers Ltd
METROBRAND.NS,Metro Brands Ltd
METROPOLIS.NS,Metropolis Healthcare Ltd
MFML.NS,Mahalaxmi Fabric Mills Ltd
MFSL.NS,Max Financial Services Ltd
MGEL.NS,Mangalam Global Enterprise Ltd
MGL.NS,Mahanagar Gas Ltd
MHLXMIRU.NS,Mahalaxmi Rubtech Ltd
MHRIL.NS,Mahindra Holidays and Resorts India Ltd
MICEL.NS,MIC Electronics Ltd
MIDHANI.NS,Mishra Dhatu Nigam Ltd
MIDWESTLTD.NS,Midwest Ltd
MINDACORP.NS,Minda Corporation Ltd
MINDTECK.NS,Mindteck (India) Ltd
MIRCELECTR.NS,MIRC Electronics Ltd
MIRZAINT.NS,Mirza International Ltd
MITCON.NS,MITCON Consultancy & Engineering Svs Ltd
MITTAL.NS,Mittal Life Style Ltd
MKPL.NS,M K Proteins Ltd
MMFL.NS,MM Forgings Ltd
MMP.NS,MMP Industries Ltd
MMTC.NS,MMTC Ltd
MOBIKWIK.NS,One MobiKwik Systems Ltd
MODIRUBBER.NS,Modi Rubber Ltd
MODIS.NS,
MODISONLTD.NS,Modison Ltd
MODTHREAD.NS,Modern Threads (India) Ltd
MOHITIND.NS,Mohit Industries Ltd
MOIL.NS,Moil Ltd
MOKSH.NS,Moksh Ornaments Ltd
MOL.NS,Meghmani Organics Ltd
MOLDTECH.NS,Mold-Tek Technologies Ltd
MOLDTKPAC.NS,Mold-Tek Packaging Ltd
MONARCH.NS,Monarch Networth Capital Ltd
MONEYBOXX.NS,Moneyboxx Finance Ltd
MONTECARLO.NS,Monte Carlo Fashions Ltd
MORARJEE.NS,Morarjee Textiles Ltd
MOREPENLAB.NS,Morepen Laboratories Ltd
MOSCHIP.NS,Moschip Technologies Ltd
MOTHERSON.NS,Samvardhana Motherson International Ltd
MOTILALOFS.NS,Motilal Oswal Financial Services Ltd
MOTISONS.NS,Motisons Jewellers Ltd
MOTOGENFIN.NS,Motor and General Finance Ltd
MPHASIS.NS,Mphasis Ltd
MPSLTD.NS,Mps Ltd
MRF.NS,MRF Ltd
MRPL.NS,Mangalore Refinery and Petrochmcls Ltd
MSPL.NS,MSP Steel & Power Ltd
MSTCLTD.NS,MSTC Ltd
MSUMI.NS,Motherson Sumi Wiring India Ltd
MTARTECH.NS,MTAR Technologies Ltd
MTEDUCARE.NS,MT Educare Ltd
MTNL.NS,Mahanagar Telephone Nigam Ltd
MUFIN.NS,Mufin Green Finance Ltd
MUFTI.NS,Credo Brands Marketing Ltd
MUKANDLTD.NS,Mukand Ltd
MUKKA.NS,Mukka Proteins Ltd
MUKTAARTS.NS,Mukta Arts Ltd
MUNJALAU.NS,Munjal Auto Industries Ltd
MUNJALSHOW.NS,Munjal Showa Ltd
MURUDCERA.NS,Murudeshwar Ceramics Ltd
MUTHOOTCAP.NS,Muthoot Capital Services Ltd
MUTHOOTFIN.NS,Muthoot Finance Ltd
MUTHOOTMF.NS,Muthoot Microfin Ltd
MVGJL.NS,Manoj Vaibhav Gems N Jewellers Ltd
MWL.NS,Mangalam Worldwide Ltd
NACLIND.NS,NACL Industries Ltd
NAGAFERT.NS,Nagarjuna Fertilizers and Chemicals Ltd
NAGREEKCAP.NS,Nagreeka Capital & Infrastructure Ltd
NAGREEKEXP.NS,Nagreeka Exports Ltd
NAHARCAP.NS,Nahar Capital and Financial Services Ltd
NAHARINDUS.NS,Nahar Industrial Enterprises Ltd
NAHARPOLY.NS,Nahar Poly Films Ltd
NAHARSPING.NS,Nahar Spinning Mills Ltd
NAM-INDIA.NS,Nippon Life India Asset Management Ltd
NARMADA.NS,Narmada Agrobase Ltd
NATCAPSUQ.NS,Natural Capsules Ltd
NATCOPHARM.NS,Natco Pharma Ltd
NATHBIOGEN.NS,Nath Bio-Genes (I) Ltd
NATIONALUM.NS,National Aluminium Co Ltd
NAUKRI.NS,Info Edge (India) Ltd
NAVA.NS,Nava Limited
NAVINFLUOR.NS,Navin Fluorine International Limited
NAVKARCORP.NS,Navkar Corporation Ltd
NAVKARURB.NS,Navkar Urbanstructure Ltd
NAVNETEDUL.NS,Navneet Education Ltd
NAZARA.NS,Nazara Technologies Ltd
NBCC.NS,NBCC (India) Ltd
NBIFIN.NS,NBI Industrial Finance Company Ltd
NCC.NS,NCC Ltd
NCLIND.NS,Ncl Industries Ltd
NDGL.NS,Naga Dhunseri Group Ltd
NDL.NS,Nandan Denim Ltd
NDLVENTURE.NS,NDL Ventures Ltd
NDRAUTO.NS,NDR Auto Components Ltd
NDTV.NS,New Delhi Television Ltd
NECCLTD.NS,North Eastern Carrying Corporation Ltd
NECLIFE.NS,Nectar Lifesciences Ltd
NELCAST.NS,Nelcast Ltd
NELCO.NS,Nelco Ltd
NEOGEN.NS,Neogen Chemicals Ltd
NESCO.NS,NESCO Ltd
NESTLEIND.NS,Nestle India Ltd
NETWEB.NS,Netweb Technologies India Ltd
NETWORK18.NS,Network18 Media & Investments Ltd
NEULANDLAB.NS,Neuland Laboratories Ltd
NEWGEN.NS,Newgen Software Technologies Ltd
NEXTMEDIA.NS,Next Mediaworks Ltd
NFL.NS,National Fertilizers Limited
NGIL.NS,Nakoda Group of Industries Ltd
NGLFINE.NS,Ngl Fine Chem Ltd
NH.NS,Narayana Hrudayalaya Ltd
NHPC.NS,NHPC Ltd
NIACL.NS,New India Assurance Company Ltd
NIBE.NS,Nibe Ltd
NIBL.NS,NRB Industrial Bearings Ltd
NIITLTD.NS,NIIT Ltd
NIITMTS.NS,Niit Learning Systems Ltd
NILAINFRA.NS,Nila Infrastructures Ltd
NILASPACES.NS,Nila Spaces Ltd
NILKAMAL.NS,Nilkamal Ltd
NINSYS.NS,NINtec Systems Ltd
NIPPOBATRY.NS,Indo National Ltd
NIRAJ.NS,Niraj Cement Structurals Ltd.
NIRAJISPAT.NS,Niraj Ispat Industries Ltd
NITCO.NS,Nitco Ltd
NITINSPIN.NS,Nitin Spinners Limited
NITIRAJ.NS,Nitiraj Engineers Ltd
NIVABUPA.NS,Niva Bupa Health Insurance Company Ltd
NKIND.NS,N K Industries Ltd
NLCINDIA.NS,NLC India Ltd
NMDC.NS,NMDC Ltd
NOCIL.NS,Nocil Ltd
NOIDATOLL.NS,Noida Toll Bridge Company Ltd
NORBTEAEXP.NS,Norben Tea and Exports Ltd
NORTHARC.NS,Northern ARC Capital Ltd
NOVAAGRI.NS,Nova Agritech Ltd
NPST.NS,Network People Services Technologies Ltd
NRAIL.NS,N R Agarwal Industries Ltd
NRBBEARING.NS,NRB Bearings Ltd
NRL.NS,Nupur Recyclers Ltd
NSIL.NS,Nalwa Sons Investments Ltd
NSLNISP.NS,NMDC Steel Ltd
NTPC.NS,NTPC Ltd
NTPCGREEN.NS,NTPC Green Energy Ltd
NUCLEUS.NS,Nucleus Software Exports Ltd
NURECA.NS,Nureca Ltd
NUVAMA.NS,Nuvama Wealth Management Ltd
NUVOCO.NS,Nuvoco Vistas Corporation Ltd
NYKAA.NS,Fsn E-Commerce Ventures Ltd
OAL.NS,Oriental Aromatics Ltd
OBCL.NS,Orissa Bengal Carrier Ltd
OBEROIRLTY.NS,Oberoi Realty Ltd
OCCLLTD.NS,OCCL Ltd
ODIGMA.NS,ODigMa Consultancy Solutions Ltd
OFSS.NS,Oracle Financial Services Software Ltd
OIL.NS,Oil India Ltd
OILCOUNTUB.NS,Oil Country Tubular Ltd
OLAELEC.NS,Ola Electric Mobility Ltd
OLECTRA.NS,Olectra Greentech Ltd
OMAXAUTO.NS,Omax Autos Ltd
OMAXE.NS,Omaxe Ltd
OMFREIGHT.NS,Om Freight Forwarders Ltd
OMINFRAL.NS,Om Infra Ltd
OMKARCHEM.NS,Omkar Speciality Chemicals Ltd
ONELIFECAP.NS,Onelife Capital Advisors Ltd
ONEPOINT.NS,One Point One Solutions Ltd
ONESOURCE.NS,Onesource Specialty Pharma Ltd
ONGC.NS,Oil and Natural Gas Corporation Ltd
ONMOBILE.NS,Onmobile Global Ltd
ONWARDTEC.NS,Onward Technologies Ltd
OPTIEMUS.NS,Optiemus Infracom Ltd
ORBTEXP.NS,Orbit Exports Ltd
ORCHASP.NS,Orchasp Ltd
ORCHPHARMA.NS,Orchid Pharma Ltd
ORICONENT.NS,Oricon Enterprises Ltd
ORIENTALTL.NS,Oriental Trimex Ltd
ORIENTBELL.NS,Orient Bell Ltd
ORIENTCEM.NS,Orient Cement Ltd
ORIENTCER.NS,Orient Ceratech Ltd
ORIENTELEC.NS,Orient Electric Ltd
ORIENTHOT.NS,Oriental Hotels Ltd
ORIENTLTD.NS,Orient Press Ltd
ORIENTPPR.NS,Orient Paper and Industries Ltd
ORIENTTECH.NS,Orient Technologies Ltd
ORISSAMINE.NS,Orissa Minerals Development Company Ltd
ORKLAINDIA.NS,Orkla India Ltd
ORTEL.NS,Ortel Communications Ltd
ORTINGLOBE.NS,Ortin Global Ltd
OSIAHYPER.NS,Osia Hyper Retail Ltd
OSWALAGRO.NS,Oswal Agro Mills Ltd
OSWALGREEN.NS,Oswal Greentech Ltd
OSWALPUMPS.NS,Oswal Pumps Ltd
OSWALSEEDS.NS,ShreeOswal Seeds and Chemicals Ltd
PACEDIGITK.NS,Pace Digitek Ltd
PAGEIND.NS,Page Industries Ltd
PAISALO.NS,Paisalo Digital Ltd
PAKKA.NS,Pakka Limited
PALASHSECU.NS,Palash Securities Ltd
PALREDTEC.NS,Palred Technologies Ltd
PANACEABIO.NS,Panacea Biotec Ltd
PANACHE.NS,Panache Digilife Ltd
PANAMAPET.NS,Panama Petrochem Ltd
PANSARI.NS,Pansari Developers Ltd
PAR.NS,Par Drugs and Chemicals Ltd
PARACABLES.NS,Paramount Communications Ltd
PARADEEP.NS,Paradeep Phosphates Ltd
PARAGMILK.NS,Parag Milk Foods Ltd
PARAS.NS,Paras Defence and Space Technologies Ltd
PARASPETRO.NS,Paras Petrofils Ltd
PARKHOTELS.NS,Apeejay Surrendra Park Hotels Ltd
PARSVNATH.NS,Parsvnath Developers Ltd
PASHUPATI.NS,Pashupati Cotspin Ltd
PASUPTAC.NS,Pasupati Acrylon Ltd
PATANJALI.NS,Patanjali Foods Ltd
PATELENG.NS,Patel Engineering Ltd
PATELRMART.NS,Patel Retail Ltd
PATINTLOG.NS,Patel Integrated Logistics Ltd
PAUSHAKLTD.NS,
PAVNAIND.NS,Pavna Industries Ltd
PAYTM.NS,One 97 Communications Ltd
PCBL.NS,PCBL Chemical Ltd
PCJEWELLER.NS,PC Jeweller Ltd
PDMJEPAPER.NS,Pudumjee Paper Products Ltd
PDSL.NS,PDS Ltd
PEARLPOLY.NS,Pearl Polymers Ltd
PENIND.NS,Pennar Industries Ltd
PENINLAND.NS,Peninsula Land Ltd
PERSISTENT.NS,Persistent Systems Ltd
PETRONET.NS,Petronet LNG Ltd
PFC.NS,Power Finance Corporation Ltd
PFIZER.NS,Pfizer Ltd
PFOCUS.NS,Prime Focus Limited
PFS.NS,PTC India Financial Services Ltd
PGEL.NS,PG Electroplast Ltd
PGHH.NS,Procter & Gamble Hygiene & Health Care
PGHL.NS,Procter & Gamble Health Ltd
PGIL.NS,Pearl Global Industries Ltd
PHOENIXLTD.NS,Phoenix Mills Ltd
PICCADIL.NS,Piccadily Agro Industries Ltd
PIDILITIND.NS,Pidilite Industries Ltd
PIGL.NS,Power and Instrumentation (Gujarat) Ltd
PIIND.NS,PI Industries Ltd
PILANIINVS.NS,Pilani Investment & Industries Corp Ltd
PILITA.NS,Pil Italica Lifestyle Ltd
PINELABS.NS,Pine Labs Ltd
PIONEEREMB.NS,Pioneer Embroideries Ltd
PIRAMALFIN.NS,Piramal Finance Ltd
PITTIENG.NS,Pitti Engineering Ltd
PIXTRANS.NS,Pix Transmissions Ltd
PKTEA.NS,Peria Karamalai Tea and Produc Cmpny Ltd
PLASTIBLEN.NS,Plastiblends India Ltd
PLATIND.NS,Platinum Industries Ltd
PLAZACABLE.NS,Plaza Wires Ltd
PNB.NS,Punjab National Bank
PNBGILTS.NS,PNB Gilts Ltd
PNBHOUSING.NS,PNB Housing Finance Ltd.
PNC.NS,Pritish Nandy Communications Ltd
PNCINFRA.NS,PNC Infratech Ltd
PNGJL.NS,P N Gadgil Jewellers Ltd
POCL.NS,Pondy Oxides and Chemicals Ltd
PODDARMENT.NS,Poddar Pigments Ltd
POKARNA.NS,Pokarna Ltd
POLICYBZR.NS,PB Fintech Ltd
POLYCAB.NS,Polycab India Ltd
POLYMED.NS,Poly Medicure Ltd.
POLYPLEX.NS,Polyplex Corp Ltd
PONNIERODE.NS,Ponni Sugars (Erode) Ltd
POONAWALLA.NS,Poonawalla Fincorp Ltd
POWERGRID.NS,Power Grid Corporation of India Ltd
POWERINDIA.NS,Hitachi Energy India Ltd
POWERMECH.NS,Power Mech Projects Ltd
PPAP.NS,PPAP Automotive Ltd
PPL.NS,Prakash Pipes Ltd
PPLPHARMA.NS,Piramal Pharma Ltd
PRABHA.NS,Prabha Energy Ltd
PRAENG.NS,Prajay Engineers Syndicate Ltd
PRAJIND.NS,Praj Industries Ltd
PRAKASH.NS,Prakash Industries Ltd
PRAKASHSTL.NS,Prakash Steelage Limited
PRAXIS.NS,Praxis Home Retail Ltd
PRECAM.NS,Precision Camshafts Ltd
PRECOT.NS,Precot Ltd
PRECWIRE.NS,Precision Wires India Ltd
PREMEXPLN.NS,Premier Explosives Ltd
PREMIER.NS,Premier Ltd
PREMIERENE.NS,Premier Energies Ltd
PREMIERPOL.NS,Premier Polyfilm Ltd(NDA)
PRESTIGE.NS,Prestige Estates Projects Limited
PRICOLLTD.NS,Pricol Ltd
PRIMESECU.NS,Prime Securities Ltd
PRIMO.NS,Primo Chemicals Ltd
PRINCEPIPE.NS,Prince Pipes and Fittings Ltd
PRITI.NS,Priti International Ltd
PRITIKAUTO.NS,Pritika Auto Industries Ltd
PRIVISCL.NS,Privi Speciality Chemicals Ltd
PROSTARM.NS,Prostarm Info Systems Ltd
PROTEAN.NS,Protean eGov Technologies Ltd
PROZONER.NS,Prozone Realty Ltd
PRSMJOHNSN.NS,Prism Johnson Ltd
PRUDENT.NS,Prudent Corporate Advisory Services Ltd
PRUDMOULI.NS,Prudential Sugar Corp Ltd
PSB.NS,Punjab & Sind Bank
PSPPROJECT.NS,Psp Projects Ltd
PTC.NS,PTC India Ltd
PTCIL.NS,PTC Industries Ltd
PTL.NS,PTL Enterprises Ltd
PUNJABCHEM.NS,Punjab Chemicals and Crop Protection Ltd
PURVA.NS,Puravankara Ltd
PVP.NS,PVP Ventures Ltd
PVRINOX.NS,PVR INOX Ltd
PVSL.NS,Popular Vehicles And Services Ltd
PWL.NS,Physicswallah Ltd
PYRAMID.NS,Pyramid Technoplast Ltd
QPOWER.NS,Quality Power Electrical Equipments Ltd
QUADFUTURE.NS,Quadrant Future Tek Ltd
QUESS.NS,Quess Corp Ltd
QUICKHEAL.NS,Quick Heal Technologies Ltd
RACE.NS,Race Eco Chain Ltd
RACLGEAR.NS,RACL Geartech Ltd
RADAAN.NS,Radaan Media Works India Ltd
RADHIKAJWE.NS,Radhika Jeweltech Ltd
RADIANTCMS.NS,Radiant Cash Management Services Ltd
RADICO.NS,Radico Khaitan Ltd
RADIOCITY.NS,Music Broadcast Ltd
RAILTEL.NS,Railtel Corporation of India Ltd
RAIN.NS,Rain Industries Ltd
RAINBOW.NS,Rainbow Children's Medicare Ltd
RAJESHEXPO.NS,Rajesh Exports Ltd
RAJMET.NS,Rajnandini Metal Ltd
RAJOOENG.NS,Rajoo Engineers Ltd
RAJRATAN.NS,Rajratan Global Wire Ltd
RAJRILTD.NS,Raj Rayon Industries Ltd
RAJSREESUG.NS,Rajshree Sugars & Chemicals Ltd
RAJTV.NS,Raj Television Network Ltd
RALLIS.NS,Rallis India Ltd
RAMANEWS.NS,Shree Rama Newsprint Ltd
RAMAPHO.NS,Rama Phosphates Ltd
RAMASTEEL.NS,Rama Steel Tubes Ltd
RAMCOCEM.NS,Ramco Cements Limited
RAMCOIND.NS,Ramco Industries Ltd
RAMCOSYS.NS,Ramco Systems Ltd
RAMKY.NS,Ramky Infrastructure Ltd
RAMRAT.NS,Ram Ratna Wires Ltd
RANASUG.NS,Rana Sugars Ltd
RANEHOLDIN.NS,Rane Holdings Ltd
RATEGAIN.NS,Rategain Travel Technologies Ltd
RATNAMANI.NS,Ratnamani Metals and Tubes Ltd
RATNAVEER.NS,Ratnaveer Precision Engineering Ltd
RAYMOND.NS,Raymond Ltd
RAYMONDLSL.NS,Raymond Lifestyle Ltd
RAYMONDREL.NS,Raymond Realty Ltd
RBA.NS,Restaurant Brands Asia Ltd
RBLBANK.NS,RBL Bank Ltd
RBZJEWEL.NS,Rbz Jewellers Ltd
RCF.NS,Rashtriya Chemicals and Fertilizers Ltd
RCOM.NS,Reliance Communications Ltd
RECLTD.NS,REC Limited
REDINGTON.NS,Redington Ltd
REDTAPE.NS,RedTape
REFEX.NS,Refex Industries Ltd
REGAAL.NS,Regaal Resources Ltd
REGENCERAM.NS,Regency Ceramics Ltd
RELAXO.NS,Relaxo Footwears Ltd
RELCHEMQ.NS,Reliance Chemotex Industries Ltd
RELIABLE.NS,Reliable Data Services Ltd
RELIANCE.NS,Reliance Industries Ltd
RELIGARE.NS,Religare Enterprises Ltd
RELINFRA.NS,Reliance Infrastructure Ltd
RELTD.NS,Ravindra Energy Ltd
REMSONSIND.NS,Remsons Industries Ltd
RENUKA.NS,Shree Renuka Sugars Ltd
REPCOHOME.NS,Repco Home Finance Ltd
REPL.NS,Rudrabhishek Enterprises Ltd
REPRO.NS,Repro India Ltd
RESPONIND.NS,Responsive Industries Ltd
RETAIL.NS,JHS Svendgaard Retail Ventures Ltd
RGL.NS,Renaissance Global Ltd
RHETAN.NS,Rhetan TMT Ltd
RHFL.NS,Reliance Home Finance Ltd
RHIM.NS,RHI Magnesita India Ltd
RHL.NS,Robust Hotels Ltd
RICOAUTO.NS,Rico Auto Industries Ltd
RIIL.NS,Reliance Industrial Infrastructure Ltd
RISHABH.NS,Rishabh Instruments Ltd
RITCO.NS,RITCO LOGISTICS Ltd
RITES.NS,Rites Ltd
RKDL.NS,Ravi Kumar Distilleries Ltd
RKEC.NS,Rkec Projects Ltd
RKFORGE.NS,Ramkrishna Forgings Ltd
RKSWAMY.NS,R K Swamy Ltd
RMDRIP.NS,RM Drip & Sprinklers Systems Ltd
RML.NS,Rane (Madras) Ltd
RNBDENIMS.NS,R & B Denims Ltd
ROHLTD.NS,Royal Orchid Hotels Ltd
ROLEXRINGS.NS,Rolex Rings Ltd
ROLLT.NS,Rollatainers Ltd
ROLTA.NS,Rolta India Ltd
ROML.NS,Raj Oil Mills Ltd
ROSSARI.NS,Rossari Biotech Ltd
ROSSELLIND.NS,Rossell India Ltd
ROSSTECH.NS,Rossell Techsys Ltd
ROTO.NS,Roto Pumps Ltd
ROUTE.NS,Route Mobile Ltd
RPEL.NS,Raghav Productivity Enhancers Ltd
RPGLIFE.NS,RPG Life Sciences Ltd
RPOWER.NS,Reliance Power Ltd
RPPINFRA.NS,RPP Infra Projects Ltd
RPPL.NS,Rajshree Polypack Ltd
RPSGVENT.NS,RPSG Ventures Ltd
RPTECH.NS,Rashi Peripherals Ltd
RRKABEL.NS,R R Kabel Ltd
RSSOFTWARE.NS,R S Software (India) Ltd
RSWM.NS,RSWM Ltd
RSYSTEMS.NS,R Systems International Ltd
RTNINDIA.NS,Rattanindia Enterprises Ltd
RTNPOWER.NS,RattanIndia Power Ltd
RUBFILA.NS,Rubfila International Ltd
RUBICON.NS,Rubicon Research Ltd
RUBYMILLS.NS,The Ruby Mills Ltd
RUCHINFRA.NS,Ruchi Infrastructure Ltd
RUCHIRA.NS,Ruchira Papers Ltd
RUPA.NS,Rupa & Company Ltd
RUSHIL.NS,Rushil Decor Ltd
RUSTOMJEE.NS,Keystone Realtors Ltd
RVHL.NS,Ravinder Heights Ltd
RVNL.NS,Rail Vikas Nigam Ltd
RVTH.NS,Revathi Equipment India ltd
S&SPOWER.NS,S & S Power Switchgear Ltd
SAATVIKGL.NS,Saatvik Green Energy Ltd
SABEVENTS.NS,Sab Events & Governance Now Media Ltd
SABTNL.NS,Sri Adhikari Brothers Televisn Ntwrk Ltd
SADBHAV.NS,Sadbhav Engineering Ltd
SADBHIN.NS,Sadbhav Infrastructure Projects Ltd
SADHNANIQ.NS,Sadhana Nitro Chem Ltd
SAFARI.NS,Safari Industries (India) Ltd
SAGARDEEP.NS,Sagardeep Alloys Ltd
SAGCEM.NS,Sagar Cements Ltd
SAGILITY.NS,Sagility Ltd
SAHYADRI.NS,Sahyadri Industries Ltd
SAIL.NS,Steel Authority of India Ltd
SAILIFE.NS,Sai Life Sciences Ltd
SAKAR.NS,Sakar Healthcare Ltd
SAKHTISUG.NS,Sakthi Sugars Ltd
SAKSOFT.NS,Saksoft Ltd
SAKUMA.NS,Sakuma Exports Ltd
SALASAR.NS,Salasar Techno Engineering Ltd
SALONA.NS,Salona Cotspin Ltd
SALSTEEL.NS,SAL Steel Ltd
SALZERELEC.NS,Salzer Electronics Ltd
SAMBHAAV.NS,Sambhaav Media Ltd
SAMBHV.NS,Sambhv Steel Tubes Ltd
SAMHI.NS,Samhi Hotels Ltd
SAMMAANCAP.NS,Sammaan Capital Ltd
SAMPANN.NS,Sampann Utpadan India Ltd
SANATHAN.NS,Sanathan Textiles Ltd
SANCO.NS,Sanco Industries Ltd
SANDESH.NS,Sandesh Ltd
SANDHAR.NS,Sandhar Technologies Ltd
SANDUMA.NS,Sandur Manganese and Iron Ores Ltd
SANGAMIND.NS,Sangam (India) Ltd
SANGHIIND.NS,Sanghi Industries Ltd
SANGHVIMOV.NS,Sanghvi Movers Ltd
SANGINITA.NS,Sanginita Chemicals Ltd
SANOFI.NS,Sanofi India Ltd
SANOFICONR.NS,Sanofi Consumer Healthcare India Ltd
SANSERA.NS,Sansera Engineering Ltd
SANSTAR.NS,Sanstar Ltd
SANWARIA.NS,Sanwaria Consumer Ltd
SAPPHIRE.NS,Sapphire Foods India Ltd
SARDAEN.NS,Sarda Energy & Minerals Ltd
SAREGAMA.NS,Saregama India Ltd
SARLAPOLY.NS,Sarla Performance Fibers Ltd
SARVESHWAR.NS,Sarveshwar Foods Ltd
SASKEN.NS,Sasken Technologies Ltd
SASTASUNDR.NS,Sastasundar Ventures Ltd
SATIA.NS,Satia Industries Ltd
SATIN.NS,Satin Creditcare Network Ltd
SAURASHCEM.NS,Saurashtra Cement Ltd
SBC.NS,SBC Exports Ltd
SBCL.NS,Shivalik Bimetal Controls Ltd
SBFC.NS,SBFC Finance Ltd
SBGLP.NS,Suratwwala Business Group Ltd
SBICARD.NS,SBI Cards and Payment Services Ltd
SBILIFE.NS,Sbi Life Insurance Company Ltd
SBIN.NS,State Bank of India
SCHAEFFLER.NS,Schaeffler India Ltd
SCHAND.NS,S Chand and Company Ltd
SCHNEIDER.NS,Schneider Electric Infrastructure Ltd
SCI.NS,Shipping Corporation of India Ltd
SCILAL.NS,Shipping Corprt of India Lnd and Ast Ltd
SCODATUBES.NS,Scoda Tubes Ltd
SCPL.NS,Sheetal Cool Products Ltd
SDBL.NS,Som Distilleries and Breweries Ltd
SEAMECLTD.NS,Seamec Ltd
SECMARK.NS,SecMark Consultancy Ltd
SECURKLOUD.NS,Securekloud Technologies Ltd
SEJALLTD.NS,Sejal Glass Ltd
SELMC.NS,Sel Manufacturing Company Ltd
SEMAC.NS,Semac Construction Ltd
SENCO.NS,Senco Gold Ltd
SENORES.NS,Senores Pharmaceuticals Ltd
SEPC.NS,Sepc Ltd
SEQUENT.NS,SeQuent Scientific Ltd
SERVOTECH.NS,Servotech Renewable Power System Ltd
SESHAPAPER.NS,Seshasayee Paper and Boards Ltd
SETCO.NS,Setco Automotive Ltd
SETUINFRA.NS,Setubandhan Infrastructure Ltd
SFL.NS,Sheela Foam Ltd
SGFIN.NS,Sg Finserve Ltd
SGIL.NS,Synergy Green Industries Ltd
SGL.NS,STL Global Ltd
SGLTL.NS,Standard Glass Lining Technology Ltd
SGMART.NS,SG Mart Ltd
SHAH.NS,Shah Metacorp Ltd
SHAHALLOYS.NS,Shah Alloys Ltd
SHAILY.NS,Shaily Engineering Plastics Ltd
SHAKTIPUMP.NS,Shakti Pumps (India) Ltd
SHALBY.NS,Shalby Ltd
SHALPAINTS.NS,Shalimar Paints Ltd
SHANKARA.NS,Shankara Building Products Ltd
SHANTI.NS,Shanti Overseas (India) Ltd
SHANTIGEAR.NS,Shanthi Gears Ltd
SHANTIGOLD.NS,Shanti Gold International Ltd
SHARDACROP.NS,Sharda Cropchem Ltd
SHARDAMOTR.NS,Sharda Motor Industries Ltd
SHAREINDIA.NS,Share India Securities Ltd
SHEKHAWATI.NS,Shekhawati Industries Ltd
SHEMAROO.NS,Shemaroo Entertainment Ltd
SHILCTECH.NS,
SHILPAMED.NS,Shilpa Medicare Ltd
SHIVALIK.NS,Shivalik Rasayan Ltd
SHIVAMAUTO.NS,Shivam Autotech Ltd
SHIVAMILLS.NS,Shiva Mills Ltd
SHIVATEX.NS,Shiva Texyarn Ltd
SHIVAUM.NS,Shiv Aum Steels Ltd
SHK.NS,S H Kelkar And Company Ltd
SHOPERSTOP.NS,Shoppers Stop Ltd
SHRADHA.NS,Shradha Infraprojects Ltd
SHREDIGCEM.NS,Shree Digvijay Cement Co Ltd
SHREECEM.NS,Shree Cement Ltd
SHREEJISPG.NS,Shreeji Shipping Global Ltd
SHREEPUSHK.NS,Shree Pushkar Chemicals & Fertilisrs Ltd
SHREERAMA.NS,Shree Rama Multi-Tech Ltd
SHRENIK.NS,Shrenik Ltd
SHREYANIND.NS,Shreyans Industries Ltd
SHRINGARMS.NS,Shringar House of Mangalsutra Ltd
SHRIPISTON.NS,Shriram Pistons & Rings Ltd
SHRIRAMFIN.NS,Shriram Finance Ltd
SHRIRAMPPS.NS,Shriram Properties Ltd
SHYAMCENT.NS,Shyam Century Ferrous Ltd
SHYAMMETL.NS,Shyam Metalics and Energy Ltd
SHYAMTEL.NS,Shyam Telecom Ltd
SICALLOG.NS,Sical Logistics Ltd
SIEMENS.NS,Siemens Ltd
SIGACHI.NS,Sigachi Industries Ltd
SIGIND.NS,Signet Industries Ltd
SIGMA.NS,Sigma Solve Ltd
SIGNATURE.NS,Signatureglobal (India) Ltd
SIGNPOST.NS,Signpost India Ltd
SIKKO.NS,Sikko Industries Ltd
SIL.NS,Standard Industries Ltd
SILGO.NS,Silgo Retail Ltd
SILINV.NS,Sil Investments Ltd
SILLYMONKS.NS,Silly Monks Entertainment Ltd
SILVERTUC.NS,Silver Touch Technologies Ltd
SIMBHALS.NS,Simbhaoli Sugars Ltd
SIMPLEXINF.NS,Simplex Infrastructures Ltd
SINCLAIR.NS,Sinclairs Hotels Ltd
SINDHUTRAD.NS,Sindhu Trade Links Ltd
SINTERCOM.NS,Sintercom India Ltd
SIRCA.NS,Sirca Paints India Ltd
SIS.NS,SIS Ltd
SITINET.NS,Siti Networks Ltd
SIYSIL.NS,Siyaram Silk Mills Ltd
SJS.NS,SJS Enterprises Ltd
SJVN.NS,SJVN Ltd
SKFINDIA.NS,SKF India Ltd
SKIPPER.NS,Skipper Ltd (India)
SKMEGGPROD.NS,SKM Egg Products Export India Ltd
SKYGOLD.NS,Sky Gold and Diamonds Ltd
SMARTLINK.NS,Smartlink Holdings Ltd
SMARTWORKS.NS,Smartworks Coworking Spaces Ltd
SMCGLOBAL.NS,SMC Global Securities Ltd
SMLMAH.NS,SML Mahindra Limited
SMLT.NS,Sarthak Metals Ltd
SMSPHARMA.NS,SMS Pharmaceuticals Ltd
SNOWMAN.NS,Snowman Logistics Ltd
SOBHA.NS,Sobha Ltd
SOFTTECH.NS,SoftTech Engineers Ltd
SOLARA.NS,Solara Active Pharma Sciences Ltd
SOLARINDS.NS,Solar Industries India Ltd
SOLARWORLD.NS,Solarworld Energy Solutions Ltd
SOLEX.NS,Solex Energy Ltd
SOMANYCERA.NS,Somany Ceramics Ltd
SOMATEX.NS,Soma Textiles & Industries Ltd
SOMICONVEY.NS,Somi Conveyor Beltings Ltd
SONACOMS.NS,Sona Blw Precision Forgings Ltd
SONAMLTD.NS,Sonam Ltd
SONATSOFTW.NS,Sonata Software Ltd
SOTL.NS,Savita Oil Technologies Ltd
SOUTHBANK.NS,South Indian Bank Ltd
SOUTHWEST.NS,South West Pinnacle Exploration Ltd
SPAL.NS,S.P.Apparels Ltd
SPANDANA.NS,Spandana Sphoorty Financial Ltd
SPARC.NS,Sun Pharma Advanced Research Co Ltd
SPCENET.NS,Spacenet Enterprises India Ltd
SPECIALITY.NS,Speciality Restaurants Ltd
SPECTRUM.NS,Spectrum Electrical Industries Ltd
SPENCERS.NS,Spencer's Retail Ltd
SPIC.NS,Southern Petrochemical Industries CorpLd
SPLIL.NS,SPL Industries Ltd
SPLPETRO.NS,Supreme Petrochem Ltd
SPMLINFRA.NS,SPML Infra Ltd
SPORTKING.NS,Sportking India Ltd
SRD.NS,Shankar Lal Rampal Dye-Chem Ltd
SREEL.NS,Sreeleathers Ltd
SRF.NS,SRF Ltd
SRGHFL.NS,SRG Housing Finance Ltd
SRHHYPOLTD.NS,Sree Rayalaseema Hi-Strength Hypo Ltd
SRM.NS,SRM Contractors Ltd
SRPL.NS,Shreeram Proteins Ltd
SSDL.NS,Saraswati Saree Depot Ltd
SSWL.NS,Steel Strips Wheels Ltd
STALLION.NS,Stallion India Fluorochemicals Ltd
STANLEY.NS,Stanley Lifestyles Ltd
STAR.NS,Strides Pharma Science Ltd
STARCEMENT.NS,Star Cement Ltd
STARHEALTH.NS,Star Health and Allied Insurnc Cmpny Ltd
STARPAPER.NS,Star Paper Mills Ltd
STARTECK.NS,Starteck Finance Ltd
STCINDIA.NS,State Trading Corporation of India Ltd
STEELCAS.NS,Steelcast Ltd
STEELCITY.NS,Steel City Securities Ltd
STEELXIND.NS,Steel Exchange India Ltd
STEL.NS,STEL Holdings Ltd
STERTOOLS.NS,Sterling Tools Ltd
STLNETWORK.NS,STL Networks Ord Shs
STLTECH.NS,Sterlite Technologies Ltd
STOVEKRAFT.NS,Stove Kraft Ltd
STUDDS.NS,Studds Accessories Ltd
STYL.NS,Seshaasai Technologies Ltd
STYLAMIND.NS,Stylam Industries Ltd
STYLEBAAZA.NS,Baazar Style Retail Ltd
STYRENIX.NS,Styrenix Performance Materials Ltd
SUBEXLTD.NS,Subex Ltd
SUBROS.NS,Subros Ltd
SUDARSCHEM.NS,Sudarshan Chemical Industries Ltd
SUDEEPPHRM.NS,Sudeep Pharma Ltd
SUKHJITS.NS,Sukhjit Starch And Chemicals Ltd
SULA.NS,Sula Vineyards Ltd
SUMEETINDS.NS,Sumeet Industries Ltd
SUMICHEM.NS,Sumitomo Chemical India Ltd
SUMIT.NS,Sumit Woods Ltd
SUMMITSEC.NS,Summit Securities Ltd
SUNCLAY.NS,Sundaram Clayton Ltd
SUNDARAM.NS,Sundaram Multi Pap Ltd
SUNDARMFIN.NS,Sundaram Finance Ltd
SUNDRMBRAK.NS,Sundaram Brake Linings Ltd
SUNDRMFAST.NS,Sundram Fasteners Ltd
SUNDROP.NS,Sundrop Brands Ltd
SUNFLAG.NS,Sunflag Iron and Steel Co Ltd
SUNPHARMA.NS,Sun Pharmaceutical Industries Ltd
SUNTECK.NS,Sunteck Realty Ltd
SUNTV.NS,Sun Tv Network Ltd
SUPERHOUSE.NS,Super House Ltd
SUPERSPIN.NS,Super Spinning Mills Ltd
SUPRAJIT.NS,Suprajit Engineering Ltd
SUPREME.NS,Supreme Holdings&Hospitality (India) Ltd
SUPREMEENG.NS,Supreme Engineering Ltd
SUPREMEIND.NS,Supreme Industries Ltd
SUPREMEINF.NS,Supreme Infrastructure India Ltd
SUPRIYA.NS,Supriya Lifescience Ltd
SURAJEST.NS,Suraj Estate Developers Ltd
SURAJLTD.NS,Suraj Ltd
SURAKSHA.NS,Suraksha Diagnostic Ltd
SURANASOL.NS,Surana Solar Ltd
SURANAT&P.NS,Surana Telecom and Power Ltd
SURYALAXMI.NS,Surya Lakshmi Cotton Mills Ltd
SURYAROSNI.NS,Surya Roshni Ltd
SURYODAY.NS,Suryoday Small Finance Bank Ltd
SUTLEJTEX.NS,Sutlej Textiles And Industries Ltd
SUVEN.NS,Suven Life Sciences Ltd
SUVIDHAA.NS,Suvidhaa Infoserve Ltd
SUYOG.NS,Suyog Telematics Ltd
SUZLON.NS,Suzlon Energy Ltd
SVLL.NS,Shree Vasu Logistics Ltd
SVPGLOB.NS,SVP Global Textiles Ltd
SWANCORP.NS,Swan Corp Ltd
SWARAJENG.NS,Swaraj Engines Ltd
SWELECTES.NS,Swelect Energy Systems Ltd
SWIGGY.NS,Swiggy Ltd
SWSOLAR.NS,Sterling and Wilson Renewable Energy Ltd
SYMPHONY.NS,Symphony Ltd
SYNCOMF.NS,Syncom Formulations (India) Ltd
SYNGENE.NS,Syngene International Ltd
SYRMA.NS,Syrma SGS Technology Ltd
SYSTMTXC.NS,Systematix Corporate Services Ltd
TAINWALCHM.NS,Tainwala Chemicls and Plstcs (India) Ltd
TAJGVK.NS,TAJ GVK Hotels and Resorts Ltd
TAKE.NS,Take Solutions Ltd
TALBROAUTO.NS,Talbros Automotive Components Ltd
TANLA.NS,Tanla Platforms Ltd
TARACHAND.NS,Tara Chand Infralogistic Solutions Ltd
TARAPUR.NS,Tarapur Transformers Ltd
TARC.NS,Tarc Ltd
TARIL.NS,Transformers and Rectifiers (India) Ltd
TARMAT.NS,Tarmat Ltd
TARSONS.NS,Tarsons Products Ltd
TASTYBITE.NS,Tasty Bite Eatables Ltd
TATACAP.NS,Tata Capital Ltd
TATACHEM.NS,Tata Chemicals Ltd
TATACOMM.NS,Tata Communications Ltd
TATACONSUM.NS,Tata Consumer Products Ltd
TATAELXSI.NS,Tata Elxsi Ltd
TATAINVEST.NS,Tata Investment Corporation Ltd
TATAPOWER.NS,Tata Power Company Ltd
TATASTEEL.NS,Tata Steel Ltd
TATATECH.NS,Tata Technologies Ltd
TATVA.NS,Tatva Chintan Pharma Chem Ltd
TBOTEK.NS,Tbo Tek Ltd
TBZ.NS,Tribhovandas Bhimji Zaveri Ltd
TCI.NS,Transport Corporation of India Ltd
TCIEXP.NS,TCI Express Ltd
TCIFINANCE.NS,TCI Finance Ltd
TCPLPACK.NS,TCPL Packaging Ltd
TCS.NS,Tata Consultancy Services Ltd
TDPOWERSYS.NS,TD Power Systems Ltd
TEAMGTY.NS,Team India Guaranty Ltd
TEAMLEASE.NS,Teamlease Services Ltd
TECHM.NS,Tech Mahindra Ltd
TECHNOE.NS,Techno Electric & Engineering Cmpany Ltd
TECILCHEM.NS,Tecil Chemicals and Hydro Power Ltd
TEGA.NS,Tega Industries Ltd
TEJASNET.NS,Tejas Networks Ltd
TEMBO.NS,Tembo Global Industries Ltd
TENNIND.NS,Tenneco Clean Air India Ltd
TERASOFT.NS,Tera Software Ltd
TEXINFRA.NS,Texmaco Infrastructure & Holdings Ltd
TEXMOPIPES.NS,Texmo Pipes and Products Ltd
TEXRAIL.NS,Texmaco Rail & Engineering Ltd
TFCILTD.NS,Tourism Finance Corporation of India Ltd
TFL.NS,Transwarranty Finance Ltd
TGBHOTELS.NS,TGB Banquets and Hotels Ltd
THANGAMAYL.NS,Thangamayil Jewellery Ltd
THEINVEST.NS,Investment Trust of India Ltd
THEJO.NS,Thejo Engineering Ltd
THELEELA.NS,Leela Palaces Hotels & Resorts Ltd
THEMISMED.NS,Themis Medicare Ltd
THERMAX.NS,Thermax Limited
THOMASCOOK.NS,Thomas Cook (India) Ltd
THOMASCOTT.NS,Thomas Scott (India) Ltd
THYROCARE.NS,Thyrocare Technologies Ltd
TI.NS,Tilaknagar Industries Ltd
TICL.NS,Twamev Construction and Infrastrctr Ltd
TIGERLOGS.NS,Tiger Logistics (India) Ltd
TIIL.NS,Technocraft Industries (India) Ltd
TIINDIA.NS,Tube Investments of India Ltd
TIJARIA.NS,Tijaria Polypipes Ltd
TIL.NS,TIL Ltd
TIMETECHNO.NS,Time Technoplast Ltd
TIMKEN.NS,Timken India Ltd
TINNARUBR.NS,Tinna Rubber and Infrastructure Ltd
TIPSFILMS.NS,Tips Films Ltd
TIPSMUSIC.NS,Tips Music Ltd
TIRUMALCHM.NS,Thirumalai Chemicals Ltd
TIRUPATIFL.NS,Tirupati Forge Ltd
TITAGARH.NS,Titagarh Rail Systems Ltd
TITAN.NS,Titan Company Ltd
TMB.NS,Tamilnad Mercantile Bank Ltd
TMCV.NS,Tata Motors Ltd
TMPV.NS,Tata Motors Passenger Vhcls Ltd
TNPETRO.NS,Tamilnadu Petroproducts Ltd
TNPL.NS,Tamilnadu Newsprint & Papers Ltd
TNTELE.NS,Tamilnadu Telecommunication Ltd
TOKYOPLAST.NS,Tokyo Plast International Ltd
TOLINS.NS,Tolins Tyres Ltd
TORNTPHARM.NS,Torrent Pharmaceuticals Ltd
TORNTPOWER.NS,Torrent Power Ltd
TOTAL.NS,Total Transport Systems Ltd
TOUCHWOOD.NS,Touchwood Entertainment Ltd
TPHQ.NS,Teamo Productions HQ Ltd
TPLPLASTEH.NS,TPL Plastech Ltd
TRACXN.NS,Tracxn Technologies Ltd
TRANSRAILL.NS,Transrail Lighting Ltd
TRANSWORLD.NS,Transworld Shipping Lines Ltd
TRAVELFOOD.NS,Travel Food Services Ltd
TREEHOUSE.NS,Tree House Education and Accessories Ltd
TREJHARA.NS,Trejhara Solutions Ltd
TREL.NS,Transindia Real Estate Ltd
TRENT.NS,Trent Ltd
TRF.NS,TRF Ltd
TRIDENT.NS,Trident Ltd
TRIGYN.NS,Trigyn Technologies Ltd
TRITURBINE.NS,Triveni Turbine Ltd
TRIVENI.NS,Triveni Engineering and Industries Ltd
TRU.NS,Trucap Finance Ltd
TRUALT.NS,TruAlt Bioenergy Ltd
TSFINV.NS,TSF Investments Ltd
TTKHLTCARE.NS,TTK Healthcare Ltd
TTKPRESTIG.NS,TTK Prestige Ltd
TTL.NS,T T Ltd
TTML.NS,Tata Teleservices (Maharashtra) Ltd
TVSELECT.NS,TVS Electronics Ltd
TVSHLTD.NS,TVS Holdings Ltd
TVSMOTOR.NS,TVS Motor Company Ltd
TVSSCS.NS,TVS Supply Chain Solutions Ltd
TVSSRICHAK.NS,TVS Srichakra Ltd
TVTODAY.NS,TV Today Network Limited
TVVISION.NS,TV Vision Ltd
UBL.NS,United Breweries Ltd
UCAL.NS,UCAL Ltd
UCOBANK.NS,UCO Bank
UDS.NS,Updater Services Ltd
UFBL.NS,United Foodbrands Ltd
UFLEX.NS,Uflex Ltd
UFO.NS,UFO Moviez India Ltd
UGARSUGAR.NS,Ugar Sugar Works Ltd
UGROCAP.NS,Ugro Capital Ltd
UJJIVANSFB.NS,Ujjivan Small Finance Bank Ltd
ULTRACEMCO.NS,UltraTech Cement Ltd
UMAEXPORTS.NS,UMA Exports Ltd
UMESLTD.NS,Usha Martin Education And Solutions Ltd
UMIYA-MRO.NS,Umiya Buildcon Ltd
UNICHEMLAB.NS,Unichem Laboratories Ltd
UNIDT.NS,United Drilling Tools Ltd
UNIECOM.NS,Unicommerce eSolutions Ltd
UNIENTER.NS,Uniphos Enterprises Ltd
UNIINFO.NS,Uniinfo Telecom Services Ltd
UNIMECH.NS,Unimech Aerospace and Manufacturing Ltd
UNIONBANK.NS,Union Bank of India Ltd
UNIPARTS.NS,Uniparts India Ltd
UNITDSPR.NS,United Spirits Ltd
UNITECH.NS,Unitech Ltd
UNITEDPOLY.NS,United Polyfab Gujarat Ltd
UNITEDTEA.NS,United Nilgiri Tea Estates Company Ltd
UNIVASTU.NS,Univastu India Ltd
UNIVCABLES.NS,Universal Cables Ltd
UNIVPHOTO.NS,Universus Photo Imagings Ltd
UNOMINDA.NS,UNO Minda Ltd
UPL.NS,UPL Ltd
URAVIDEF.NS,Uravi Defence and Technology Ltd
URBANCO.NS,Urban Company Ltd
URJA.NS,Urja Global Ltd
USHAMART.NS,Usha Martin Ltd
USK.NS,Udayshivakumar Infra Ltd
UTIAMC.NS,UTI Asset Management Company Ltd
UTKARSHBNK.NS,Utkarsh Small Finance Bank Ltd
UTLSOLAR.NS,Fujiyama Power Systems Ltd
UTTAMSUGAR.NS,Uttam Sugar Mills Limited
UYFINCORP.NS,U. Y. Fincorp Ltd
V2RETAIL.NS,V2 Retail Ltd
VADILALIND.NS,Vadilal Industries Ltd
VAIBHAVGBL.NS,Vaibhav Global Ltd
VAISHALI.NS,Vaishali Pharma Ltd
VAKRANGEE.NS,Vakrangee Limited
VALIANTLAB.NS,Valiant Laboratories Ltd
VALIANTORG.NS,Valiant Organics Ltd
VARDHACRLC.NS,Vardhman Acrylics Limited
VARDMNPOLY.NS,Vardhman Polytex Ltd
VARROC.NS,Varroc Engineering Ltd
VASCONEQ.NS,VASCON ENGINEERS LIMITED
VASWANI.NS,Vaswani Industries Ltd
VBL.NS,Varun Beverages Ltd
VCL.NS,Vaxtex Cotfab Ltd
VEDL.NS,Vedanta Ltd
VEEDOL.NS,Veedol Corporation Ltd
VENKEYS.NS,Venky's (India) Ltd
VENTIVE.NS,Ventive Hospitality Ltd
VENUSPIPES.NS,Venus Pipes and Tubes Ltd
VENUSREM.NS,Venus Remedies Ltd
VERANDA.NS,Veranda Learning Solutions Ltd
VERTOZ.NS,Vertoz Ltd
VESUVIUS.NS,Vesuvius India Ltd
VETO.NS,VETO Switch Gears And Cables Ltd
VGL.NS,Varvee Global Ltd
VGUARD.NS,V Guard Industries Ltd
VHL.NS,Vardhman Holdings Ltd
VHLTD.NS,Viceroy Hotels Ltd.
VIDHIING.NS,Vidhi Specialty Food Ingredients Ltd
VIJAYA.NS,Vijaya Diagnostic Centre Ltd
VIJIFIN.NS,Viji Finance Ltd
VIKASECO.NS,Vikas Ecotech Ltd
VIKASLIFE.NS,Vikas Lifecare Ltd
VIKRAMSOLR.NS,Vikram Solar Ltd
VIKRAN.NS,Vikran Engineering Ltd
VIMTALABS.NS,Vimta Labs Ltd
VINATIORGA.NS,Vinati Organics Ltd
VINCOFE.NS,Vintage Coffee and Beverages Ltd
VINDHYATEL.NS,Vindhya Telelinks Ltd
VINEETLAB.NS,Vineet Laboratories Ltd
VINNY.NS,Vinny Overseas Ltd
VINYLINDIA.NS,Vinyl Chemicals (India) Ltd
VIPCLOTHNG.NS,VIP Clothing Ltd
VIPIND.NS,V I P Industries Ltd
VIPULLTD.NS,Vipul Ltd
VIRINCHI.NS,Virinchi Ltd
VISAKAIND.NS,Visaka Industries Ltd
VISASTEEL.NS,Visa Steel Ltd
VISHNU.NS,Vishnu Chemicals Ltd
VISHWARAJ.NS,Vishwaraj Sugar Industries Ltd
VIVIDHA.NS,Visagar Polytex Ltd
VLEGOV.NS,VL E-Governance & IT Solutions Ltd
VLSFINANCE.NS,VLS Finance Ltd
VMART.NS,V-Mart Retail Ltd
VMM.NS,Vishal Mega Mart Ltd
VMSTMT.NS,VMS TMT Ltd
VOLTAMP.NS,Voltamp Transformers Limited
VOLTAS.NS,Voltas Ltd
VPRPL.NS,Vishnu Prakash R Punglia Ltd
VRAJ.NS,Vraj Iron and Steel Ltd
VRLLOG.NS,VRL Logistics Ltd
VSSL.NS,Vardhman Special Steels Ltd
VSTIND.NS,VST Industries Ltd
VSTL.NS,Vibhor Steel Tubes Ltd
VSTTILLERS.NS,VST Tillers Tractors Limited
VTL.NS,Vardhman Textiles Ltd
WAAREEENER.NS,Waaree Energies Ltd
WAAREERTL.NS,Waaree Renewable Technologies Ltd
WABAG.NS,VA Tech Wabag Ltd
WALCHANNAG.NS,Walchandnagar Industries Ltd
WANBURY.NS,Wanbury Ltd
WCIL.NS,Western Carriers (India) Ltd
WEALTH.NS,Wealth First Portfolio Managers Ltd
WEBELSOLAR.NS,Websol Energy System Ltd
WEIZMANIND.NS,Weizmann Limited
WEL.NS,Wonder Electricals Ltd
WELCORP.NS,Welspun Corp Ltd
WELENT.NS,Welspun Enterprises Ltd
WELINV.NS,Welspun Investments and Commercials Ltd
WELSPUNLIV.NS,Welspun Living Ltd
WENDT.NS,Wendt (India) Limited
WESTLIFE.NS,Westlife Foodworld Ltd
WEWIN.NS,We Win Ltd
WEWORK.NS,WeWork India Management Ltd
WHEELS.NS,Wheels India Ltd
WHIRLPOOL.NS,Whirlpool Of India Ltd
WILLAMAGOR.NS,Williamson Magor and Co Ltd
WINDLAS.NS,Windlas Biotech Ltd
WINDMACHIN.NS,Windsor Machines Ltd
WINSOME.NS,Winsome Yarns Ltd
WIPL.NS,Western India Plywoods Ltd
WIPRO.NS,Wipro Ltd
WOCKPHARMA.NS,Wockhardt Ltd
WONDERLA.NS,Wonderla Holidays Ltd
WORTHPERI.NS,Worth Peripherals Ltd
WSI.NS,W S Industries (India) Ltd
WSTCSTPAPR.NS,West Coast Paper Mills Ltd
XCHANGING.NS,Xchanging Solutions Ltd
XELPMOC.NS,Xelpmoc Design and Tech Ltd
XPROINDIA.NS,Xpro India Limited
XTGLOBAL.NS,Xtglobal Infotech Ltd
YASHO.NS,Yasho Industries Ltd
YATHARTH.NS,Yatharth Hospital & Trauma Cre Srvcs Ltd
YATRA.NS,Yatra Online Ltd
YESBANK.NS,Yes Bank Ltd
YUKEN.NS,Yuken India Ltd
ZAGGLE.NS,Zaggle Prepaid Ocean Services Ltd
ZEEL.NS,Zee Entertainment Enterprises Ltd
ZEELEARN.NS,Zee Learn Ltd
ZEEMEDIA.NS,Zee Media Corporation Ltd
ZENITHEXPO.NS,Zenith Exports Ltd
ZENITHSTL.NS,Zenith Steel Pipes & Industries Ltd
ZENSARTECH.NS,Zensar Technologies Ltd
ZENTEC.NS,Zen Technologies Limited
ZFCVINDIA.NS,ZF Commercial Vehl Cntrl Sytm India Ltd
ZIMLAB.NS,ZIM Laboratories Ltd
ZODIAC.NS,Zodiac Energy Ltd
ZODIACLOTH.NS,Zodiac Clothing Company Ltd
ZOTA.NS,Zota Health Care Ltd
ZUARI.NS,Zuari Agro Chemicals Ltd
ZUARIIND.NS,Zuari Industries Ltd
ZYDUSLIFE.NS,Zydus Lifesciences Ltd
ZYDUSWELL.NS,Zydus Wellness Ltd